theta,panic_response,risk_preference,volatility_avoidance
0.4967141530112327,0.4875037096099664,0.5476102024307611,0.3061579968145857
-0.13826430117118466,0.49325375339219524,0.4309260116404941,0.5047063794560319
0.6476885381006925,0.6463206889583076,0.46479049786296084,0.42085926851459826
1.5230298564080254,0.38428882833037414,0.522053712674316,0.23332743031542857
-0.23415337472333597,0.7016169869809151,0.40152885232878677,0.4854417787788703
-0.23413695694918055,0.6890882202951305,0.3783361185026806,0.5093992735203036
1.5792128155073915,0.46562509811522723,0.6465585452959174,0.16648290759818343
0.7674347291529088,0.5900788782007974,0.5237878454338538,0.2545130822341444
-0.4694743859349521,0.6781013043721534,0.39841790015435863,0.4954239237679525
0.5425600435859647,0.6162595866980711,0.40617666411598297,0.24076372122799644
-0.46341769281246226,0.6603260508726951,0.41957270299577426,0.5987316296359605
-0.46572975357025687,0.6851889450853751,0.33404738970251246,0.5187937569353439
0.24196227156603412,0.6092878457744332,0.5667390892212562,0.4672294866327065
-1.913280244657798,0.9356891066156906,0.08291908811573256,0.8564603475707822
-1.7249178325130328,0.8862978680654909,0.2914020511868199,0.6799444579396866
-0.5622875292409727,0.6358000029183103,0.3218220804355899,0.5257842223565644
-1.0128311203344238,0.7128198233466964,0.20002184320698124,0.44838610084119007
0.3142473325952739,0.6566415050332108,0.3811220877903628,0.3433615022821735
-0.9080240755212109,0.7302025994998338,0.23851642028172976,0.6490027429259456
-1.4123037013352915,0.7446363443378977,0.23121307167565244,0.47365534957611927
1.465648768921554,0.5626322229495041,0.6038105637899889,0.13745260534200335
-0.22577630048653566,0.609077637969133,0.30578039398323104,0.42062623927489085
0.06752820468792384,0.6640163001881899,0.38480088158567594,0.44934763729715366
-1.4247481862134568,0.7600750314807745,0.3604061708554944,0.7135072216630446
-0.5443827245251827,0.7498541937113441,0.44051983235143555,0.5445606449437211
0.11092258970986608,0.7459814784069165,0.42536980311706724,0.3321354006544467
-1.1509935774223028,0.8935166610099253,0.23496963186048023,0.43568206506041934
0.37569801834567196,0.5702236106502572,0.43488405350008885,0.2578009362481732
-0.600638689918805,0.6786686837178427,0.3485904985509137,0.5620538202413622
-0.2916937497932768,0.7283970885734081,0.26323610613737214,0.5736048742199356
-0.6017066122293969,0.6497806910426759,0.28216777831418516,0.5088911304974663
1.8522781845089378,0.512663523975604,0.48605940530507596,0.33814718500552915
-0.013497224737933921,0.6286617398894013,0.4067624540723557,0.41379355852841254
-1.0577109289559004,0.8496972795187968,0.2931712173214059,0.5950732668657396
0.822544912103189,0.5667897662153734,0.4456562393091978,0.36736596956121775
-1.2208436499710222,0.7741217450621269,0.3430184876674176,0.7396655752936696
0.2088635950047554,0.6611228762022812,0.3112860352949783,0.36755672897957503
-1.9596701238797756,0.9015457078609838,0.018031651791842317,0.7498337835217672
-1.3281860488984305,0.7143685183231435,0.22668291674361526,0.7182457927926383
0.19686123586912352,0.640935409794232,0.4827601785341531,0.6557966841968003
0.7384665799954104,0.4635687712708831,0.5999380282393088,0.34163258656449297
0.1713682811899705,0.686540203808379,0.3648999014737564,0.26608985478818264
-0.11564828238824053,0.5960550479771444,0.4455201453499144,0.31435906924222395
-0.3011036955892888,0.5498857439618,0.33696017193467215,0.5187967285458482
-1.4785219903674274,1.0,0.17738853334508445,0.6905509767895789
-0.7198442083947086,0.7748338024318672,0.35403006789508024,0.4971359212644902
-0.4606387709597875,0.6364821560259553,0.36930401271456603,0.5862245481979691
1.0571222262189157,0.5024582527775077,0.39220569134989564,0.2705977711766477
0.3436182895684614,0.5495705880811346,0.5340638275766985,0.3279329539701752
-1.763040155362734,0.8932500953343719,0.2594791132459409,0.5742485207399128
0.324083969394795,0.5738638978647208,0.3715863401793817,0.4039057130861729
-0.38508228041631654,0.682969365852543,0.359364146456264,0.5087185340853628
-0.6769220003059587,0.6188441682100434,0.32981876366172685,0.6053259209020928
0.6116762888408679,0.5242871229556336,0.47552431815862206,0.42647167566150984
1.030999522495951,0.46437579827428865,0.46699141860186216,0.318854138574972
0.9312801191161986,0.5345238043110968,0.4451073387296204,0.28209106460333855
-0.8392175232226385,0.7663814096304674,0.2696828743617922,0.47565056242778553
-0.3092123758512146,0.6944935427053746,0.4281236378856199,0.5491909853363907
0.33126343140356396,0.5493626106131272,0.46148674064250206,0.2680986736770348
0.9755451271223592,0.5295697779553497,0.47363364430278404,0.33014410000288197
-0.47917423784528995,0.6608579285192386,0.3760388354832339,0.50603009695761
-0.18565897666381712,0.4865894199314283,0.1377222174958618,0.5277192007044048
-1.1063349740060282,0.6963976088872611,0.3251794053415644,0.7943770543613868
-1.1962066240806708,0.7995831078752106,0.09392492149304559,0.5265018579394278
0.812525822394198,0.42611115403236527,0.45357567346790456,0.2668987422925927
1.356240028570823,0.47997392605318107,0.46491371773742085,0.27944635214123303
-0.07201012158033385,0.7872063854898268,0.27040988450020376,0.4434040421310583
1.0035328978920242,0.5709728176969584,0.5937481571978607,0.25972829747633436
0.36163602504763415,0.7190197228623615,0.38836553457269385,0.522611584143292
-0.6451197546051243,0.731173365855408,0.32262427530264776,0.5714815775420139
0.36139560550841393,0.5743224214326157,0.4203623235816855,0.3231393662693091
1.5380365664659692,0.2970725856623012,0.6095078221733976,0.33718527342429966
-0.03582603910995154,0.6014053070772154,0.37939065501453917,0.41932426249945387
1.5646436558140062,0.43888814337871496,0.4789199877127305,0.34224067880687103
-2.6197451040897444,0.8928249850752906,0.12158599498228843,0.7546579333339893
0.8219025043752238,0.6863260661471232,0.4447702116613211,0.33101989884962096
0.08704706823817122,0.5927121984303356,0.2706530605540413,0.5642534742919959
-0.29900735046586746,0.6009991101402296,0.3075715913504711,0.3812238851472851
0.0917607765355023,0.7234312831837997,0.5039574694890301,0.48907702881483045
-1.9875689146008928,0.7880275745057154,0.19066566583405153,0.7771072435121983
-0.21967188783751193,0.6239923670258573,0.32368406822846646,0.452095966902319
0.3571125715117464,0.6080945051613365,0.39680691043210514,0.2937217005757579
1.477894044741516,0.3847035610597779,0.5410879446329758,0.32514464749057026
-0.5182702182736474,0.5140961704789111,0.47041174511591227,0.5042953091080766
-0.8084936028931876,0.7111718700740183,0.304596056815209,0.5125250785592428
-0.5017570435845365,0.6669246645351239,0.3471691779333332,0.4486083598529638
0.9154021177020741,0.5401887322543123,0.5726320105046561,0.3004033641528992
0.32875110965968446,0.6450060382562268,0.4379676579863502,0.42586454420002556
-0.5297602037670388,0.6259056014981418,0.29116788137161254,0.581128520177752
0.5132674331133561,0.6219250859693488,0.4282546158316875,0.3625124230363776
0.09707754934804039,0.6039988716580547,0.3849532800874326,0.5169304227869497
0.9686449905328892,0.5347923674306252,0.4981341154560141,0.5554212278853853
-0.7020530938773524,0.6748204263446198,0.34441089452654045,0.49745324729142576
-0.3276621465977682,0.6381508483829202,0.34047589723765215,0.4071820927850751
-0.39210815313215763,0.592456838214851,0.3841108378089196,0.6924520737565844
-1.4635149481321186,0.8478081520923457,0.1862879668743377,0.7230150012869943
0.29612027706457605,0.604742218318941,0.42163826447867736,0.34680344484532677
0.26105527217988933,0.6635256161418299,0.259113792063838,0.22979661507140753
0.00511345664246089,0.6552595901532965,0.44848222791704534,0.43686897638139455
-0.23458713337514692,0.6229240468008945,0.3747018888119004,0.532720029848114
-1.4153707420504142,0.7445988250616287,0.2745015603184336,0.6465025348697421
-0.42064532276535904,0.7462289015908202,0.10428103293569689,0.37991042452989177
-0.3427145165267695,0.5990153201103343,0.4935671063864829,0.5404202510718065
-0.8022772692216189,0.6204582650714052,0.26568929050881823,0.615634455627228
-0.16128571166600914,0.6107967887207245,0.4419762480914921,0.5020307572522656
0.4040508568145384,0.42651025845581464,0.35019335834663995,0.46529645845056183
1.8861859012105302,0.44032721292970955,0.6640040593497184,0.17347165496994574
0.17457781283183896,0.6949362993622754,0.32005490843281126,0.2781472684172545
0.25755039072276437,0.7252559230809742,0.36328264315287795,0.37709021464303644
-0.07444591576616721,0.5167729478184774,0.5143287915458471,0.47076653966591847
-1.9187712152990415,0.816734425906292,0.12016575336330511,0.7239030332928482
-0.026513875449216878,0.6295196914038185,0.3912744262049039,0.5752374045556543
0.06023020994102644,0.5927382983275459,0.45195312522102193,0.35640859809484576
2.463242112485286,0.3935918995442031,0.7282951279928271,0.11228788700683039
-0.19236096478112252,0.4590733852556692,0.36513492302860756,0.480652892717884
0.30154734233361247,0.5734754702142284,0.44412012080638036,0.12818241355780038
-0.03471176970524331,0.6179277016767591,0.5566183130659025,0.4187335888407137
-1.168678037619532,0.7154930805943541,0.22544804885251077,0.6612474604311411
1.1428228145150205,0.4391122188928322,0.5383693091198454,0.3206285310583283
0.7519330326867741,0.5087185737235373,0.5534453862303824,0.24026323373409253
0.7910319470430469,0.5814340849287735,0.5625818339220828,0.3225955829551329
-0.9093874547947389,0.7018681994014939,0.35307597591558343,0.6842403509375821
1.4027943109360992,0.2985906872893808,0.6046582683237292,0.171513517351
-1.4018510627922809,0.697794279460415,0.11325544699555544,0.6857477937878552
0.5868570938002703,0.42489629759784125,0.5768618956328232,0.20126224118901834
2.1904556258099785,0.3813630765444788,0.5687091213383533,0.05121886603011319
-0.9905363251306883,0.8241586533605709,0.27546689237809185,0.6113464407463883
-0.5662977296027719,0.7038170271567309,0.24883864567366437,0.4075829469684603
0.09965136508764122,0.6048838152654874,0.3858478176825646,0.42008091578137374
-0.5034756541161992,0.6023362343058343,0.33924239499074343,0.43532517535134535
-1.5506634310661327,0.949519825497413,0.2058360405275351,0.6083116128324249
0.06856297480602733,0.4959468342925647,0.41889994177513207,0.5016799014972405
-1.0623037137261049,0.769615171958322,0.3661539204240422,0.6376774121246557
0.4735924306351816,0.5941105455986332,0.4726868477504099,0.2879916148042839
-0.9194242342338032,0.8168027392509593,0.24286940987368344,0.5921878787504982
1.5499344050175394,0.5507561443295129,0.6480881773090855,0.26356678932948086
-0.7832532923362371,0.6588203711312677,0.3692626631518786,0.6262574120972223
-0.3220615162056756,0.6573801206365136,0.24379444972610592,0.447084120505633
0.8135172173696698,0.6168276703869866,0.5267587578980439,0.15454513643810533
-1.2308643164339552,0.878245246363966,0.27531395084217597,0.6963976542358395
0.22745993460412942,0.6185579264189339,0.3842942648117269,0.4064642626325556
1.307142754282428,0.3271210865284528,0.6486184553233347,0.14273671262978266
-1.6074832345612275,0.8470054643296404,0.16274696700754607,0.6637817774456832
0.1846338585323042,0.71345453136773,0.41106835914539996,0.3760214135625477
0.25988279424842353,0.6075203137457873,0.39788287677601575,0.4940550370931071
0.7818228717773104,0.5429462059125743,0.47845340635539835,0.29717490666029467
-1.236950710878082,0.9864115877561775,0.13773094345960837,0.6226968124395631
-1.3204566130842763,0.7946307782262617,0.10097152187046822,0.5347227067850236
0.5219415656168976,0.5729263469543009,0.5656640818079598,0.2681170853475712
0.29698467323318606,0.5306226158617926,0.35129708256410336,0.17989057396540614
0.25049285034587654,0.4482491959880364,0.3344060681336619,0.35632872029369583
0.3464482094969757,0.4913383645060316,0.2581343675035327,0.3648198490725419
-0.6800247215784908,0.7293003199428182,0.2431886376411753,0.5149699483162511
0.23225369716100355,0.6769905492067211,0.3068454980007034,0.43776081968215397
0.29307247329868125,0.3873177734105266,0.540246701894526,0.3709750833432803
-0.7143514180263678,0.7085476115104966,0.3643291877033966,0.5610796941979096
1.8657745111447566,0.38258805024330444,0.5623962169439001,0.17235998996597934
0.4738329209117875,0.563225642759496,0.6096389083739133,0.2636105007024943
-1.1913034972026486,0.758806364513849,0.30168953369080675,0.6858766633108555
0.6565536086338297,0.5491069140478841,0.43665217670473594,0.25390668456728227
-0.9746816702273214,0.790269930231651,0.06420365456185917,0.4598389137508476
0.787084603742452,0.5632752627787484,0.6523078654786525,0.34271312968777984
1.158595579007404,0.47645650890212543,0.41929784937372006,0.46201665915472123
-0.8206823183517105,0.76829097368455,0.1487413629991941,0.6019277105266662
0.9633761292443218,0.5534823230156767,0.5781307632825113,0.19905056289935374
0.4127809269364983,0.5610191893164949,0.6161514699699339,0.3853502645794109
0.82206015999449,0.5364492244335247,0.5877345033819407,0.4125727426070906
1.8967929826539474,0.2644773218670007,0.6616303447264471,0.22514847025288592
-0.2453881160028705,0.8562918403502194,0.39222821562903193,0.4013984748567372
-0.7537361643574896,0.634495024397977,0.3474286284405385,0.49512698427002744
-0.8895144296255233,0.6399892320808,0.3230124756047472,0.5800237182890514
-0.8158102849654383,0.8848760033632206,0.295999858223643,0.5808673164512873
-0.0771017094141042,0.6579730039842856,0.37623850330933084,0.4829268905616869
0.3411519748166439,0.6067733252033881,0.41660138466980756,0.47119826119121205
0.27669079933001905,0.6943746640677466,0.3558010235242733,0.265104514680201
0.8271832490360238,0.5758486245161616,0.46165859062839193,0.3545721417599079
0.01300189187790702,0.7052947551029747,0.25087990120860865,0.33452789105492875
1.4535340771573169,0.30205241749433626,0.5549936246005653,0.11367442613032708
-0.2646568332379561,0.5839872999509307,0.2692691274301735,0.3906596562677621
2.720169166589619,0.1771556297157404,0.6391611327237795,0.10743740885900743
0.6256673477650062,0.48670572522681316,0.47115071882298887,0.3204051439486542
-0.8571575564162826,0.8178116315825347,0.37530291818896194,0.5574637723653779
-1.0708924980611123,0.7987894414971735,0.3121351207806606,0.6608626355912244
0.4824724152431853,0.522784545598457,0.31975598068968686,0.34651830514839416
-0.2234627853258509,0.7440321707201558,0.2744159332158717,0.5693937587647184
0.714000494092092,0.476091864654485,0.5402697438167947,0.2420796928087177
0.47323762457354485,0.5798642518160851,0.36334051186905686,0.4145561946974444
-0.07282891265687277,0.6598891062422898,0.3517516521368041,0.4321574952154286
-0.846793718068405,0.6755293714283256,0.31253346022510675,0.530031512021183
-1.5148472246858646,0.7812570843330159,0.11221523691689773,0.6664098286467015
-0.4465149520670211,0.7065397620263031,0.32946537154739175,0.450134136215172
0.8563987943234723,0.42371812187725405,0.38519008383038517,0.3635313896321824
0.21409374413020396,0.6773585730052732,0.35947493265175173,0.33656917100715344
-1.245738778711988,0.7337460517879912,0.24439785434578068,0.7219828687040759
0.173180925851182,0.554328452043428,0.2788082620608773,0.40516795218332136
0.3853173797288368,0.5963927228654039,0.46049455664804123,0.2230031807970054
-0.883857436201133,0.709742341979909,0.26447031631209283,0.643710224857679
0.1537251059455279,0.6980935606999039,0.4396414644727024,0.4758724639536025
0.058208718445999896,0.5436565888254244,0.40251536377474617,0.3879354535084651
-1.142970297830623,0.7819749418489672,0.3369249993402557,0.5789245768088787
0.3577873603482833,0.6162387016218994,0.4330072410179975,0.36118188076270596
0.5607845263682344,0.46991339104416247,0.41654367804614156,0.32195894084396165
1.083051243175277,0.5375509449511363,0.5247889897153862,0.2389033350368563
1.053802052034903,0.5952262743083595,0.5531225613645847,0.20265778655667901
-1.377669367957091,0.9170260011281245,0.20704064270395378,0.5912227147722838
-0.9378250399151228,0.6951921766327286,0.26220847400716984,0.5867637915786537
0.5150352672086598,0.654207491688959,0.3899924645829216,0.31263151133481176
0.5137859509122088,0.4218456026880638,0.3928093346239227,0.2089086772043192
0.5150476863060479,0.715606957274856,0.3366675518045428,0.380790902285101
3.852731490654721,0.0,1.0,0.0
0.570890510693167,0.5328196601211005,0.3558340726517797,0.26828529148419705
1.135565640180599,0.4842967732040996,0.46940246735446384,0.2957104417738316
0.9540017634932023,0.5418147640723789,0.4444288213916932,0.4940284287085517
0.651391251305798,0.5081300387939426,0.5288377628232155,0.2793624475299616
-0.3152692446403456,0.6650127125761615,0.3156444170741945,0.5273376762306231
0.7589692204932674,0.44045004465112625,0.5693391007782634,0.3441902244221741
-0.7728252145375718,0.7117993858993698,0.22878814933929223,0.5158913467777748
-0.23681860674000887,0.6405988038687839,0.36928155078215935,0.45527071539212793
-0.48536354782910346,0.7117026367735615,0.2529350315456309,0.445004304238779
0.08187413938632256,0.6157850288183777,0.5517503210180211,0.4650967268692966
2.3146585666735087,0.3027618958294672,0.5813251562468406,0.08238860273470319
-1.867265192591748,0.9912996079679067,0.16479491769943444,0.714195822528295
0.6862601903745135,0.6375362224293896,0.5133841437808113,0.283833753409934
-1.6127158711896517,0.7708471460971011,0.20500039644266313,0.6056577605622019
-0.47193186578943347,0.669042599884883,0.30411753715936757,0.5824256290287799
1.088950596967366,0.4969341247386168,0.5063476420667218,0.1999049625143332
0.06428001909546277,0.6122567842379613,0.38957721813857976,0.475985100824436
-1.0777447779293061,0.7328546373076507,0.23018022457940215,0.5168896986474407
-0.7153037092599682,0.7545555168771136,0.3607118613263576,0.5051118564828688
0.6795977489346758,0.5947296472833327,0.6325513913672471,0.19167381843844716
-0.7303666317171367,0.7001257628318778,0.24300343551590592,0.5571594456786241
0.21645858958197486,0.6691897471396435,0.30128625732215086,0.4395742561431224
0.045571839903813784,0.5847823227655087,0.37714979796846587,0.4347933419501077
-0.6516003476058171,0.8355031374729285,0.4917803241945077,0.5532390982662786
2.1439440893253257,0.2692973875699333,0.5888908646965857,0.08122949089797202
0.6339190223180112,0.5047331791668028,0.5832647421974689,0.4902846366860398
-2.025142586657607,0.8608314506037468,0.24888192172341606,0.8028026686236068
0.18645431476942764,0.5227881521398318,0.3596053681623054,0.504458135581251
-0.661786464768388,0.5787846178592432,0.3374437697212466,0.4485105962757745
0.852433334796224,0.43532945727288974,0.6101687764225531,0.1790637443661185
-0.7925207384327007,0.8640898979598058,0.24869477205911267,0.5555028224521712
-0.11473644146689901,0.7345510971386108,0.3480378157563521,0.46915251716254214
0.5049872789804571,0.6052655998126755,0.39787514244547406,0.3649960607716286
0.8657551941701215,0.5093382816282418,0.41067782150379745,0.2237100273864008
-1.2002964070557762,0.7354727350596206,0.17640354692853233,0.6803912565495029
-0.3345012358409484,0.7201826778656645,0.242495540479559,0.4644487495367874
-0.4749453111609562,0.6682091913777761,0.3204324711787545,0.42109778313459
-0.6533292325737119,0.7631610446467919,0.23660333208849724,0.4853912069891761
1.7654542402810969,0.44331093140677397,0.6198421628472589,0.18415955070062626
0.40498171096095553,0.6779293888433803,0.31103741228252507,0.2997319273739035
-1.2608839543350452,0.8535919180774467,0.24332132399442596,0.8389260154331452
0.9178619470547761,0.6082335020510653,0.5579682887002638,0.25762367193092706
2.1221561970126332,0.42567984397574776,0.495546641368283,0.20726351710082225
1.0324652605511468,0.40933456436723586,0.5375342068191626,0.45444777784839785
-1.5193699659540134,0.8885997585122306,0.27878882049506154,0.6018325338939616
-0.48423407286625136,0.48204228699856844,0.22458930958918108,0.3886260114494567
1.2669111491866227,0.4223257502429482,0.6661104296416815,0.2793656943075068
-0.7076694656187807,0.698071185070061,0.32020884452638654,0.4545077202521273
0.44381942814622843,0.6309663713122072,0.3807283860131499,0.24273072458277795
0.7746340534293368,0.46932224551140606,0.47211086729611595,0.2230969621466562
-0.926930471578083,0.784324446416886,0.3029974104748909,0.4260421542573435
-0.05952535606180008,0.6201294794251055,0.37632209242141534,0.3845625509215363
-3.2412673400690726,0.8395973203398772,0.00791880685373332,0.8719351972152348
-1.0243876413342898,0.7600283769136443,0.17806170734821347,0.7136722646888202
-0.2525681513931603,0.5660808136956728,0.3589389868794913,0.4943589718041478
-1.2477831819648495,0.8350611784938808,0.1121951957883774,0.6797032441771996
1.6324113039316352,0.41613121325006697,0.5767045495079568,0.03445609214049309
-1.4301413779606327,0.6688189557534419,0.12786527775409093,0.6479096255005061
-0.44004448669698376,0.7260913249594594,0.26628153260771886,0.4884922675442354
0.13074057728609134,0.46633585754471824,0.4887574863347216,0.37493075084394
1.4412732890661155,0.38363599667908815,0.6439872392200197,0.2404239722273276
-1.4358621511794394,0.8482955593581265,0.24230349441265076,0.4903090353418994
1.1631637521549596,0.42491681239060264,0.4425029714174691,0.3344897058106121
0.010233061019587049,0.54606452098391,0.35530323114330364,0.4214621840854053
-0.9815086510479509,0.699559274021868,0.34591101691734,0.6351081607122568
0.46210347426327075,0.6831663415374002,0.44749573504584556,0.4884745401126307
0.19905969557347003,0.652164654421342,0.5798736505115357,0.4641474437589995
-0.6002168771587947,0.7174733882361065,0.33188369978304355,0.5237506036904159
0.06980208499001891,0.6186660820841652,0.4015606859148724,0.4662082822351698
-0.3853135968617602,0.6235245871890801,0.3056805359259497,0.5501224760694572
0.11351734525124804,0.5937691106879867,0.4026529637991662,0.5429921231565519
0.6621306745210467,0.6396333417782337,0.45047878783291945,0.35667732956582626
1.586016816145352,0.39024837790550626,0.6331819287442305,0.35188586502587893
-1.237815498826849,0.7331442522115772,0.2938815201341848,0.5426331315494829
2.1330333746562666,0.3066474348532609,0.5888528520821209,0.1434440346610143
-1.9520877995225019,0.7883216043822447,0.02912748185492181,0.8270957394816044
-0.15178509503558332,0.5773712068974427,0.21907236094143703,0.4860542414127457
0.5883172064845765,0.5115834698712027,0.4913853874827917,0.42331003536075495
0.28099186773503265,0.5913745470945966,0.32975226447173156,0.37424582820200747
-0.6226995198205938,0.8286244799094563,0.1352295700869445,0.41019092024667575
-0.20812225035727522,0.6155370860575752,0.381262781970202,0.6262438869330813
-0.4930009346588328,0.6689118203084582,0.5052998822229933,0.4963570484463525
-0.5893647569442115,0.6763209479399848,0.3028612958696816,0.5327009032803012
0.8496020970210246,0.6112082074945728,0.5496867372716057,0.26742203209022675
0.35701548596504734,0.6591098838120357,0.4296063465083881,0.37292021196923103
-0.6929095952606542,0.6296669320166487,0.282661142472702,0.5968242259763812
0.8995998754332507,0.5100460140713469,0.5621629861003525,0.3444874829692955
0.30729952087660933,0.5304321887078272,0.3949772376062347,0.4650847806639126
0.8128621188389601,0.5159210100928353,0.5015574506264161,0.23814291513915886
0.6296288419236122,0.5392059902205402,0.48244650117831134,0.35224044289852596
-0.8289950109220723,0.6558420929018596,0.2220736665641945,0.3906648450525191
-0.5601810401969696,0.7329327927603073,0.3825338165715088,0.5203279097671094
0.7472936051232618,0.519098577889065,0.459570473132416,0.3980747678068428
0.6103702654334648,0.5793582956297059,0.3979949508132317,0.4847892894805394
-0.020901593964148132,0.6578306496418332,0.4162725994369554,0.594789024104417
0.117327383308782,0.6305808624713888,0.32458598878883393,0.5575284818727044
1.277664895788425,0.44172750191641635,0.5423134528033998,0.24366178156243226
-0.5915713888358299,0.7340835273773133,0.30234936808916363,0.476380738193355
0.5470973811700379,0.455822560061036,0.5301429708296587,0.49907089353126033
-0.20219265243389406,0.7162258291835295,0.3885698984563209,0.39094153294715034
-0.2176812032272203,0.6639854195146597,0.3485689998790097,0.5096958710281649
1.09877685198719,0.5152717508374028,0.5797187854491294,0.2780767533272962
0.8254163489880298,0.4056378943396089,0.5886119741760031,0.1910519169104981
0.8135096360006385,0.502950136920731,0.5237444616894565,0.25322182969416923
1.305478807154329,0.3761461822457709,0.5444848310065166,0.2852382159157194
0.02100384163275905,0.7329997612776057,0.2809036059044324,0.5119166809634454
0.6819529712949639,0.5143467242364218,0.38352842381558194,0.5291095489112484
-0.31026675659345604,0.5933383489589679,0.31549694273814877,0.5422209941140056
0.3241663524884421,0.5741832364014399,0.3728184584055902,0.413288723406718
-0.13014305436768459,0.5568688274714952,0.3473475661551535,0.5405134518064515
0.09699596499271819,0.6491200735013457,0.3947046386307731,0.43729550071252415
0.5951570254369136,0.43792005851458154,0.4939048458975935,0.35220782476545726
-0.8182206832334725,0.5502329408829191,0.2689255422599745,0.5691761081572979
2.0923872756854602,0.38251756440397755,0.6805509871080687,0.21095064589842216
-1.006017381499702,0.7844528570885326,0.2553756322939099,0.5613005857913754
-1.2141886127877322,0.6655627378210337,0.07369970402314559,0.5663616588485669
1.1581108735000678,0.3530019034399443,0.45350569676837615,0.37476923628991626
0.7916626939629359,0.5608522338662815,0.4675487924397212,0.21266264542943522
0.6241198170521551,0.5743784607378899,0.365187263192817,0.36313614365606056
0.6283455092642799,0.5632362560751076,0.5034609648491802,0.3526226694240678
-0.012246772846914623,0.7264350837578022,0.49304615950172026,0.38102986719333537
-0.8972543714858315,0.8068129306254912,0.3570303522769837,0.5411045183889601
0.07580455819372633,0.68912240195406,0.371458530490981,0.3483714039824168
-0.6771617115121117,0.7671550185062896,0.40565085021545944,0.5067317210428199
0.9751197334177512,0.5000305804546161,0.5131042839423922,0.3590940377784798
-0.14705738150213865,0.6227097629475741,0.33377604673638817,0.4286378769389549
-0.8254971967925115,0.6084950003883595,0.22667989284243636,0.6479443071639888
-0.32138584165299344,0.7393921457466769,0.3142961084187155,0.4736607913279172
0.41293145427562433,0.49374669689995027,0.40092561728693304,0.3862070176913258
-0.5637245528039747,0.7102454292028957,0.31954706399578714,0.5332900471243751
-0.8222203955664315,0.7306461488523199,0.28600601955356614,0.5615644413582525
0.2436872114919123,0.5390660048767971,0.4092333897412544,0.5656157520222721
0.24496657110872277,0.6766081229225084,0.4424209433312784,0.45259308192343456
-0.5069431753711298,0.6573069081894294,0.4044039280239769,0.50012303675351
-0.4710383056183228,0.6692665978728282,0.39060821667379264,0.4895875179096494
0.2320499373576363,0.5545226505534706,0.2945037855413607,0.4948858109523434
-1.4480843414973241,0.7846142772124141,0.0,0.5283084570182514
-1.4074637743765552,0.61348558011123,0.27065689712038515,0.7032713510072797
-0.718444221252436,0.7624625384476952,0.18291021313806227,0.45456333176550956
-0.21344715171184725,0.6898074561876939,0.33390322955918805,0.43206899130930887
0.3109075655980046,0.6299170390752824,0.32846693352053596,0.45191560935814007
1.475356216949552,0.4760573409923163,0.42809102541710464,0.08921807804514291
0.8576596232020194,0.5611994365311235,0.5281009011835146,0.42420161994993394
-0.1599385299634271,0.551209280378865,0.41558126301320747,0.3831771971814421
-0.01901620790268883,0.5154826614716229,0.33179537270410125,0.3571976853803869
-1.0025293646378088,0.7936021425213502,0.05369616521216605,0.6318730593180285
-0.01851313599238993,0.688004769856229,0.3341628528099868,0.32395652684547993
-0.2886586389201383,0.6226179311775385,0.3712917049717687,0.49958433540386915
0.3227185603380895,0.6229761947499859,0.3064613504851842,0.37117455971355207
-0.827230943552323,0.6790091619096049,0.2871047267876549,0.5293260017974472
0.5193465142411723,0.54002086585532,0.44280546250348984,0.38035045566713355
1.5327389130025777,0.5422945665117458,0.6166184853099597,0.16309159699410503
-0.1087601484568576,0.5172118713051954,0.37339299734862463,0.3868831920672858
0.40171172209894146,0.43300786796196544,0.35498385261727083,0.5329274962214443
0.6901439917111125,0.5807033111372906,0.5567133681710261,0.23543545057074727
-0.40122047188583626,0.702804723988897,0.3151244109196469,0.6343937386824164
0.22409248181041677,0.5713647163714937,0.40443756642025763,0.3215651642114957
0.01259240078179486,0.5946464563235805,0.3086508967672186,0.342240261192999
0.09767609854883172,0.5589554299538738,0.356739090500461,0.5184431020632758
-0.7730097838554665,0.5665765808631162,0.21268093135065344,0.578794151610219
0.024510174258942714,0.6323022714628204,0.36803387110533886,0.5296003296971379
0.49799829124544975,0.6194477462690829,0.5715475371507547,0.39006572666203754
1.4511436077950417,0.5422614174817371,0.4577545421131668,0.26885329501217375
0.9592708260852069,0.55539187866234,0.3769634933316586,0.24339908030261492
2.1531824575115563,0.3494968327985417,0.7632103115431105,0.0367755217113987
-0.7673475628880495,0.582373820809953,0.26481261944855017,0.4251066043284802
0.8723206367206782,0.5501517793522355,0.4378220758488966,0.3687618843628931
0.18334200573835174,0.5813233226306761,0.48049763983391525,0.43220050267575727
2.1898029332176723,0.34354149024678615,0.6097834241172535,0.28523727990436937
-0.8082982853551515,0.6340392429937779,0.4145350733858279,0.6170152451372098
-0.8397218421807761,0.5355090205754768,0.32316355632081173,0.4713790988024437
-0.5993926454440222,0.7390749444266507,0.264914393841983,0.3837441795489185
-2.123895724309807,0.9305488530326397,0.2728592590960903,0.8314713192447655
-0.525755021680761,0.6090135825149957,0.26528932050477466,0.5606825669161222
-0.759132661553698,0.6665637244331698,0.3382710245215234,0.5443743194292829
0.15039378647620763,0.46120206227272154,0.419947004674409,0.395236593398503
0.34175597577715944,0.5335076102761384,0.5205229285616736,0.4615673340456837
1.8761708392158862,0.40985227309455097,0.7349457534170566,0.1493152767495153
0.9504238381860503,0.45527792037803894,0.5010917371356619,0.3507064944854976
-0.5769036556624031,0.6105997458254446,0.2475585178503584,0.5186812613031813
-0.898414671348358,0.6737300648154952,0.2991286559309261,0.5147603518407099
0.4919191715065057,0.5202071522937111,0.38890780169518335,0.3721523032822824
-1.3202332070206422,0.7087273887263419,0.3638547827030774,0.6550750220406795
1.8314587658543537,0.2984595462844917,0.6208131459894911,0.20054651462812126
1.179440120721287,0.3654019585935072,0.4999019313067032,0.2870577077665235
-0.4691756521047048,0.6320841384420145,0.3326269153656251,0.5341886891866998
-1.7131345290908775,0.8534108016227805,0.058230584156898295,0.6932567452522378
1.3538723741654128,0.4377751300218598,0.4758824855220605,0.12062655477564779
-0.11453984525261789,0.5440727466235467,0.4549263467350092,0.4073530619791938
1.2378163119734618,0.5264160354607457,0.4851145776609337,0.29668375792798457
-1.594427658794367,0.7972086442366798,0.09613991986874822,0.5962744361100334
-0.5993750229537729,0.7285368446461591,0.34290028526481336,0.548759334229966
0.005243699718183166,0.6190046157227481,0.469002066086196,0.3393061472233879
0.046980593764742055,0.5179385283751197,0.4387704036004023,0.40166833151936027
-0.45006547147924364,0.6647006594794743,0.39680756895548736,0.5093620034990927
0.6228499323474987,0.5387936704280456,0.399498165059608,0.3170632361966929
-1.0676204293825944,0.8623648000797741,0.13443380428374282,0.7168959862155867
-0.1423794850212935,0.5828863900379446,0.474298903102946,0.5539869251448057
0.12029563171189886,0.5570678835979215,0.36878805790480595,0.524094977737054
0.514438834058749,0.3904710328242732,0.4242562851075974,0.35754569608828163
0.7116148780888898,0.5545957800617087,0.5694554155110889,0.19628228975224848
-1.1246420918378692,0.7486812890257437,0.2777567763613165,0.4027635664706619
-1.5341141707356223,0.7986463514809262,0.21817508005171632,0.5930917296322226
1.277676821898509,0.33789811041716716,0.7049569305466148,0.22387587627746458
0.33231401197959165,0.5867469010110506,0.37126370890911553,0.5467730810755881
-0.7484865365565536,0.6960673620532672,0.3537593287174409,0.5866346608703739
1.551151975522523,0.37725643798014385,0.579201618731658,0.29591905838908755
0.11567463429285867,0.5928112387298554,0.4132059277907855,0.4762096585701656
1.1792971840638264,0.5055044264227453,0.6440276910714613,0.2938305429433158
0.06751848141010895,0.598386697798253,0.4253067735958561,0.4701396227445074
2.060747924881987,0.27651261667766946,0.6804796061911245,0.32776134001581675
1.7553408424432044,0.4763941954681491,0.6823976369403029,0.1382666131857181
-0.2489641484790735,0.6434773107600396,0.3187274474976302,0.563849620840981
0.9715709509543554,0.5514611825740744,0.43746283778376477,0.2874793382001662
0.6453759495851475,0.447925219648277,0.38043383994122737,0.17633991012143133
1.3686315575323487,0.5638178780081753,0.4020409713466591,0.3317797730184172
-0.9649234605801045,0.7878947981271537,0.4121873725132135,0.78420114055302
0.6860514599984393,0.5053842073218241,0.38114880486323877,0.37061292272078056
1.0584244868495878,0.3668059998205248,0.49551587879058157,0.20277158294269498
-1.7587394864231143,0.851468065062759,0.13391107415671658,0.511751582798186
-1.183258512665775,0.815486538962572,0.25138196204275637,0.7036646641452807
-2.0392321777601006,0.7381331842456169,0.18148708342495148,0.6734706586188655
-0.26940683444455776,0.7672028886112977,0.40940622365656965,0.5151990238601992
0.7175422557959623,0.6987062022279975,0.4247328561069097,0.35110600500564565
1.502357052096028,0.39634760023657317,0.5559518644352321,0.011997190207043842
0.07409478041977519,0.6508770255989077,0.40899590487988835,0.5565132324204145
1.6286155455712918,0.49216973288640026,0.5657600192056852,0.1972620554834555
-1.3801014582148914,0.743821259486573,0.3253546503184737,0.5866530217930779
-1.7033824393551547,0.8206861290604645,0.19937290228153798,0.5781165795795705
-0.05554769889661878,0.6721812511378504,0.42697608479425747,0.43855084317968807
0.3840654489393073,0.6709200734950309,0.4772639871226699,0.36122713635274983
-0.03269474809409311,0.5592137271745221,0.4632584257384573,0.47690311243218486
-2.0674421000398766,0.8360356735308887,0.1295977331701214,0.6965554930874094
-0.08912003951278841,0.6408526316242289,0.2680756969182263,0.4804435424285182
-1.3044695005048532,0.6469635928644726,0.24302943773463279,0.5633835063186575
0.6696725488300385,0.6183494802696743,0.4134632451737084,0.3799085758208772
0.36659824609684827,0.691936068174272,0.3843585055763666,0.3577478107283289
-0.9398797863273552,0.7948850001720367,0.30348871974404007,0.5690966550926543
-0.5138669173366935,0.690978685620083,0.4071514316104607,0.41359962222481
-1.0592135218889516,0.738474333033656,0.2453390090828539,0.5871326672364297
-0.06267909727317188,0.6483595670686049,0.3936434563000297,0.5978988059703354
0.9551423205012383,0.472954013723333,0.6288166987752194,0.20313469901885364
-0.9857260463355437,0.8436106791512653,0.27136700109889317,0.6494995243552292
0.5040465155178444,0.4469163795037572,0.6400543058912955,0.42639495046197773
-0.5302576183724408,0.6958726131405262,0.3538646994794959,0.5615630310071417
-0.7928728322623442,0.6375163389624986,0.14348836667149903,0.4303622170539827
-0.10703035995455783,0.6092863896636215,0.42185052371876003,0.6346035061565598
-1.035242322419374,0.7190645719745082,0.2757723320069928,0.31392406348552676
-0.553649305347182,0.6489172971041655,0.4060223341992939,0.42491273727628415
-1.1978778925888485,0.7405226822122912,0.27736796133529307,0.5826656996141532
1.9647251329163893,0.32178368728097123,0.6167881852036833,0.17786513775283538
0.03526355197172861,0.515550493839729,0.2893754100164222,0.41037338032513115
-0.6997255079925856,0.6961617407966253,0.27341379180776487,0.4899797441303714
0.213979910734222,0.5402402397643524,0.3404964801477948,0.35572247926127226
-0.11232804969082982,0.6430926281919634,0.319652697489438,0.407503410188491
-0.22096959953322298,0.5397654555045541,0.3948557912506882,0.4616669437198011
0.6141667000434252,0.5952765743178845,0.583102403392373,0.372843443098072
0.7575077100473051,0.3871921860474038,0.5042231043642188,0.34952983307974395
-0.5305011476105275,0.6926867035120088,0.21976719709942455,0.5276721414481428
-0.57581824064468,0.8050047039504077,0.33888232109203015,0.4213368542860701
-0.275051697151644,0.6471808707703441,0.4342764584912846,0.42633011502848506
-2.301921164735585,0.9679580083797454,0.03966123351598656,1.0
-1.5151910621985523,0.7509352191346698,0.17567558925958018,0.5890177931225892
1.3668742674445247,0.4973504510704099,0.5526032502463364,0.2377070934526326
1.6449677135012837,0.44602870401680994,0.5270215371476286,0.21811015674602313
-0.24903603955637832,0.7984262981996516,0.39583953623139906,0.5059395246198479
0.5765569630557664,0.5829118599287897,0.442022436022602,0.2660760555744015
0.3112501545435361,0.7678237001493124,0.4495046364898487,0.31695743244603825
3.0788808084552377,0.3501055010868497,0.701114097183595,0.08774086332194204
1.1195749114345768,0.42067589997230875,0.48681701735496474,0.25322882079925224
-0.12791759148076653,0.5780103311470005,0.4168443309969091,0.5388980244958805
-0.9555404406004258,0.7112857669952224,0.22849374772498807,0.6855257630714195
-1.6064463202575725,0.9010641719331905,0.3057459261901562,0.7099514849139309
0.2034636358672231,0.5995531331903631,0.3734810170653974,0.3387626301122047
-0.7563507452843033,0.7187226308092302,0.2992417455432825,0.4610799334162937
-1.4222537095976742,0.8922083913605958,0.2686490886223534,0.588519676089553
-0.6465728842425266,0.5892584318345871,0.18810868585936416,0.46551431373274155
-1.081548003614395,0.692754975152554,0.10686450110933664,0.5421125053144631
1.6871416350725648,0.4233904383894925,0.47598953923489346,0.2651160226807714
0.8816397569494505,0.5072492624891922,0.5860303580440092,0.2833496068485361
-0.007972641316617372,0.606930423499829,0.3350727036066824,0.37264663114420427
1.4799441388900259,0.5893302999128816,0.7605436653985407,0.17502632642757848
0.0773683076476183,0.630933542615167,0.3449557584999096,0.328201031224122
-0.8612842013282637,0.7840897183226171,0.28287552609346167,0.4960163697060007
1.5231240772696573,0.5041363339771601,0.6886827239611558,0.20327881470432704
0.5389100436846587,0.5746029031861344,0.5991442332231176,0.2757429156447762
-1.0372461543264564,0.6165946446345861,0.4034158927247239,0.5820519332960903
-0.1903386780836082,0.5970850618000019,0.44591604493481796,0.5397522864035524
-0.8756182533847572,0.7774313496039406,0.34495569680305105,0.5717196044940995
-1.382799730964336,0.7545670775751618,0.24777047199675697,0.6896651085368389
