theta,panic_response,risk_preference,volatility_avoidance,net_profit,market_exit_day,reaction_time
0.4967141530112327,0.4875037096099664,0.5476102024307611,0.3061579968145857,-9.023108722193259,53,3.240576084778414
-0.1382643011711846,0.4932537533921952,0.4309260116404941,0.5047063794560319,-13.322655836248,47,4.1109068144454834
0.6476885381006925,0.6463206889583076,0.4647904978629608,0.4208592685145982,-8.654262471896903,41,3.735102294476861
1.5230298564080254,0.3842888283303741,0.522053712674316,0.2333274303154285,-12.41887326503834,60,2.7490141924055043
-0.2341533747233359,0.7016169869809151,0.4015288523287867,0.4854417787788703,-3.901215209697634,24,4.012664144637535
-0.2341369569491805,0.6890882202951305,0.3783361185026806,0.5093992735203036,-7.306872674163593,28,4.340428376385531
1.5792128155073917,0.4656250981152272,0.6465585452959174,0.1664829075981834,-9.367714391134298,54,2.7731000563406476
0.7674347291529088,0.5900788782007974,0.5237878454338538,0.2545130822341444,-10.550060172786521,45,3.60933030225138
-0.4694743859349521,0.6781013043721534,0.3984179001543586,0.4954239237679525,-9.658372339614354,42,3.621449449145825
0.5425600435859647,0.6162595866980711,0.4061766641159829,0.2407637212279964,-6.1708851022459195,38,3.7297858891704503
-0.4634176928124622,0.6603260508726951,0.4195727029957742,0.5987316296359605,-7.781172392239211,36,3.2072117361171655
-0.4657297535702568,0.6851889450853751,0.3340473897025124,0.5187937569353439,-10.354989155356893,30,4.174326880248197
0.2419622715660341,0.6092878457744332,0.5667390892212562,0.4672294866327065,-13.167735248470104,47,2.6713371892064592
-1.913280244657798,0.9356891066156906,0.0829190881157325,0.8564603475707822,0.16216863796344438,10,5.013723271134814
-1.7249178325130328,0.8862978680654909,0.2914020511868199,0.6799444579396866,-1.1828816188077185,13,4.78611079032368
-0.5622875292409727,0.6358000029183103,0.3218220804355899,0.5257842223565644,-8.805977061288463,35,4.58286418194335
-1.0128311203344238,0.7128198233466964,0.2000218432069812,0.44838610084119,-2.8299689782400237,22,4.837332007267339
0.3142473325952739,0.6566415050332108,0.3811220877903628,0.3433615022821735,-9.089628275373236,42,4.060902960538262
-0.9080240755212108,0.7302025994998338,0.2385164202817297,0.6490027429259456,-4.2312279706285345,24,4.802771247985417
-1.4123037013352917,0.7446363443378977,0.2312130716756524,0.4736553495761192,-6.272394163653011,27,4.801354813169383
1.465648768921554,0.5626322229495041,0.6038105637899889,0.1374526053420033,-7.604078535448164,41,2.620395772200582
-0.2257763004865356,0.609077637969133,0.305780393983231,0.4206262392748908,-12.934219358724558,48,4.705720615578122
0.0675282046879238,0.6640163001881899,0.3848008815856759,0.4493476372971536,-9.001125655979452,33,5.12051775854602
-1.4247481862134568,0.7600750314807745,0.3604061708554944,0.7135072216630446,-6.914665390351082,27,3.608722574212239
-0.5443827245251827,0.7498541937113441,0.4405198323514355,0.5445606449437211,-4.020497829165586,24,4.754584523117057
0.110922589709866,0.7459814784069165,0.4253698031170672,0.3321354006544467,-3.591892863886173,24,4.221732651724182
-1.1509935774223028,0.8935166610099253,0.2349696318604802,0.4356820650604193,1.0842240929368572,10,4.717865376610225
0.3756980183456719,0.5702236106502572,0.4348840535000888,0.2578009362481732,-10.71439144925752,51,3.9798670103136207
-0.600638689918805,0.6786686837178427,0.3485904985509137,0.5620538202413622,-9.225785873845323,29,3.0651557229863116
-0.2916937497932768,0.7283970885734081,0.2632361061373721,0.5736048742199356,-3.066214811234934,22,4.102067941524532
-0.6017066122293969,0.6497806910426759,0.2821677783141851,0.5088911304974663,-10.108322534295358,31,5.430453826486319
1.8522781845089376,0.512663523975604,0.4860594053050759,0.3381471850055291,-11.05672003805902,51,3.8982801449471665
-0.0134972247379339,0.6286617398894013,0.4067624540723557,0.4137935585284125,-9.085845132383,34,3.932865734354507
-1.0577109289559004,0.8496972795187968,0.2931712173214059,0.5950732668657396,0.73494863550936,10,4.736320539598298
0.822544912103189,0.5667897662153734,0.4456562393091978,0.3673659695612177,-6.918282118827408,36,3.6352311818913963
-1.2208436499710222,0.7741217450621269,0.3430184876674176,0.7396655752936696,-3.379515665366621,22,3.9393158641696178
0.2088635950047554,0.6611228762022812,0.3112860352949783,0.367556728979575,-6.6401220942009935,38,4.03709280441984
-1.959670123879776,0.9015457078609838,0.0180316517918423,0.7498337835217672,0.39582044251931503,10,6.173522393134828
-1.3281860488984305,0.7143685183231435,0.2266829167436152,0.7182457927926383,-4.3709378957989165,24,4.286159856012082
0.1968612358691235,0.640935409794232,0.4827601785341531,0.6557966841968003,-7.529681309976743,25,3.2235145842012165
0.7384665799954104,0.4635687712708831,0.5999380282393088,0.3416325865644929,-12.600119079517269,48,2.547262035098059
0.1713682811899705,0.686540203808379,0.3648999014737564,0.2660898547881826,-6.264612342733171,38,4.657915870053701
-0.1156482823882405,0.5960550479771444,0.4455201453499144,0.3143590692422239,-7.976945016862919,43,3.5483667257305447
-0.3011036955892888,0.5498857439618,0.3369601719346721,0.5187967285458482,-12.98201708277471,44,4.00712355696905
-1.4785219903674274,1.0,0.1773885333450844,0.6905509767895789,0.5257274211006124,10,4.961150419979706
-0.7198442083947086,0.7748338024318672,0.3540300678950802,0.4971359212644902,-9.03049738786563,29,3.5790076952844285
-0.4606387709597875,0.6364821560259553,0.369304012714566,0.5862245481979691,-7.4493704237969744,38,3.8969744008333316
1.0571222262189155,0.5024582527775077,0.3922056913498956,0.2705977711766477,-9.230247184696335,49,3.276593302959492
0.3436182895684614,0.5495705880811346,0.5340638275766985,0.3279329539701752,-12.591916414789445,47,3.1670318604263
-1.763040155362734,0.8932500953343719,0.2594791132459409,0.5742485207399128,0.7805820998820896,10,5.175673133518285
0.324083969394795,0.5738638978647208,0.3715863401793817,0.4039057130861729,-11.336895210735639,51,4.091360392637839
-0.3850822804163165,0.682969365852543,0.359364146456264,0.5087185340853628,-8.200283210673408,26,4.210814402513571
-0.6769220003059587,0.6188441682100434,0.3298187636617268,0.6053259209020928,-10.069427930519385,42,4.546857443964453
0.6116762888408679,0.5242871229556336,0.475524318158622,0.4264716756615098,-12.62326453371359,44,3.9832471737691373
1.030999522495951,0.4643757982742886,0.4669914186018621,0.318854138574972,-9.70609507463855,52,4.278140254622245
0.9312801191161986,0.5345238043110968,0.4451073387296204,0.2820910646033385,-10.852106760236007,46,3.6959613615335307
-0.8392175232226385,0.7663814096304674,0.2696828743617922,0.4756505624277855,-8.965864316492736,29,4.0675753131006775
-0.3092123758512146,0.6944935427053746,0.4281236378856199,0.5491909853363907,-3.0201539901590646,22,3.032509363497737
0.3312634314035639,0.5493626106131272,0.461486740642502,0.2680986736770348,-12.289110536628726,48,3.858908216115775
0.9755451271223592,0.5295697779553497,0.473633644302784,0.3301441000028819,-9.754193258404868,52,4.5144958250272715
-0.4791742378452899,0.6608579285192386,0.3760388354832339,0.50603009695761,-7.435437200367289,36,3.8284284193752853
-0.1856589766638171,0.4865894199314283,0.1377222174958618,0.5277192007044048,-13.147334401431948,59,5.787407814364626
-1.1063349740060282,0.6963976088872611,0.3251794053415644,0.7943770543613868,-1.0758859996963908,21,4.693900828836102
-1.1962066240806708,0.7995831078752106,0.0939249214930455,0.5265018579394278,-3.0652626702039365,20,6.163666028414408
0.812525822394198,0.4261111540323652,0.4535756734679045,0.2668987422925927,-16.313736381163107,66,3.6313454214327416
1.356240028570823,0.479973926053181,0.4649137177374208,0.279446352141233,-14.847374270961028,56,3.4575716177364537
-0.0720101215803338,0.7872063854898268,0.2704098845002037,0.4434040421310583,1.0673028510926161,10,4.601107666722674
1.0035328978920242,0.5709728176969584,0.5937481571978607,0.2597282974763343,-8.776823255289882,42,2.2822140893626246
0.3616360250476341,0.7190197228623615,0.3883655345726938,0.522611584143292,-7.787510767671594,37,4.008820895682276
-0.6451197546051243,0.731173365855408,0.3226242753026477,0.5714815775420139,-7.335802576762364,25,4.229640164823183
0.3613956055084139,0.5743224214326157,0.4203623235816855,0.3231393662693091,-8.292154289751426,41,3.309003765028262
1.5380365664659692,0.2970725856623012,0.6095078221733976,0.3371852734242996,-19.86726912520347,67,2.8178550803125275
-0.0358260391099515,0.6014053070772154,0.3793906550145391,0.4193242624994538,-8.648574395824834,41,4.2888109513532315
1.5646436558140062,0.4388881433787149,0.4789199877127305,0.342240678806871,-15.243143214600979,57,3.3935076998235965
-2.6197451040897444,0.8928249850752906,0.1215859949822884,0.7546579333339893,0.2622488459213381,11,5.543106910365364
0.8219025043752238,0.6863260661471232,0.4447702116613211,0.3310198988496209,-8.530780868606033,29,3.6307632147169544
0.0870470682381712,0.5927121984303356,0.2706530605540413,0.5642534742919959,-9.185620097019282,41,4.145987333233653
-0.2990073504658674,0.6009991101402296,0.3075715913504711,0.3812238851472851,-8.461051938805236,40,4.784212165873043
0.0917607765355023,0.7234312831837997,0.5039574694890301,0.4890770288148304,-3.9085499604268032,24,3.0404518189811705
-1.9875689146008928,0.7880275745057154,0.1906656658340515,0.7771072435121983,-0.6921766306703954,18,4.905589220295155
-0.2196718878375119,0.6239923670258573,0.3236840682284664,0.452095966902319,-7.525040338599278,37,4.4838687825775825
0.3571125715117464,0.6080945051613365,0.3968069104321051,0.2937217005757579,-8.903965425243824,42,3.717702973562159
1.477894044741516,0.3847035610597779,0.5410879446329758,0.3251446474905702,-15.631675403349165,63,3.5449931402205372
-0.5182702182736474,0.5140961704789111,0.4704117451159122,0.5042953091080766,-10.218798964741257,49,3.362068040155795
-0.8084936028931876,0.7111718700740183,0.304596056815209,0.5125250785592428,-7.459660572358738,36,4.575184862551274
-0.5017570435845365,0.6669246645351239,0.3471691779333332,0.4486083598529638,-6.205323764432801,27,2.662541004167932
0.915402117702074,0.5401887322543123,0.5726320105046561,0.3004033641528992,-6.391600164879235,38,2.349380539697055
0.3287511096596844,0.6450060382562268,0.4379676579863502,0.4258645442000255,-12.620905369514729,44,3.7317049987321287
-0.5297602037670388,0.6259056014981418,0.2911678813716125,0.581128520177752,-13.22422316267272,44,4.448240539957057
0.5132674331133561,0.6219250859693488,0.4282546158316875,0.3625124230363776,-7.191596030568034,37,4.1746191191146265
0.0970775493480403,0.6039988716580547,0.3849532800874326,0.5169304227869497,-8.772841791456592,35,4.506441607275154
0.9686449905328892,0.5347923674306252,0.4981341154560141,0.5554212278853853,-11.740199764310939,45,3.472754484531448
-0.7020530938773524,0.6748204263446198,0.3444108945265404,0.4974532472914257,-7.273418017804546,28,4.098278179147226
-0.3276621465977682,0.6381508483829202,0.3404758972376521,0.4071820927850751,-7.357863700684192,37,4.088851392115698
-0.3921081531321576,0.592456838214851,0.3841108378089196,0.6924520737565844,-13.656799233514302,44,3.8418676681533066
-1.4635149481321186,0.8478081520923457,0.1862879668743377,0.7230150012869943,-2.276444600671975,15,4.665047983889236
0.296120277064576,0.604742218318941,0.4216382644786773,0.3468034448453267,-9.102501833370834,42,3.368203550372165
0.2610552721798893,0.6635256161418299,0.259113792063838,0.2297966150714075,-8.402748439622638,34,5.1829276125741615
0.0051134566424608,0.6552595901532965,0.4484822279170453,0.4368689763813945,-6.125533410178117,39,3.620763078595941
-0.2345871333751469,0.6229240468008945,0.3747018888119004,0.532720029848114,-8.831934262027808,35,3.8259631002805605
-1.4153707420504142,0.7445988250616287,0.2745015603184336,0.6465025348697421,-3.203748250502093,22,4.76216513856258
-0.420645322765359,0.7462289015908202,0.1042810329356968,0.3799104245298917,-6.9442412130982625,28,5.89792008193845
-0.3427145165267695,0.5990153201103343,0.4935671063864829,0.5404202510718065,-9.048130053563924,40,3.1206289939380203
-0.8022772692216189,0.6204582650714052,0.2656892905088182,0.615634455627228,-9.3255020473091,40,4.272116661243007
-0.1612857116660091,0.6107967887207245,0.4419762480914921,0.5020307572522656,-8.906558783847869,40,3.3078528396536346
0.4040508568145384,0.4265102584558146,0.3501933583466399,0.4652964584505618,-10.329977596958729,52,3.801341994939198
1.8861859012105304,0.4403272129297095,0.6640040593497184,0.1734716549699457,-8.459484251642122,53,2.898926020962628
0.1745778128318389,0.6949362993622754,0.3200549084328112,0.2781472684172545,-6.309234554970214,38,5.222491435959522
0.2575503907227643,0.7252559230809742,0.3632826431528779,0.3770902146430364,-6.888808524546088,25,3.4330146181148393
-0.0744459157661672,0.5167729478184774,0.5143287915458471,0.4707665396659184,-12.795383529321475,44,2.552639591924719
-1.9187712152990413,0.816734425906292,0.1201657533633051,0.7239030332928482,-2.028786405037532,17,5.40424982546969
-0.0265138754492168,0.6295196914038185,0.3912744262049039,0.5752374045556543,-9.22632184691054,41,4.213802655796594
0.0602302099410264,0.5927382983275459,0.4519531252210219,0.3564085980948457,-7.168876615861482,37,4.303134712942728
2.463242112485286,0.3935918995442031,0.7282951279928271,0.1122878870068303,-14.621634064700364,63,2.40073994219384
-0.1923609647811225,0.4590733852556692,0.3651349230286075,0.480652892717884,-9.76432738833546,53,2.9548443031768166
0.3015473423336124,0.5734754702142284,0.4441201208063803,0.1281824135578003,-8.69648899023239,32,3.6504721213054765
-0.0347117697052433,0.6179277016767591,0.5566183130659025,0.4187335888407137,-6.05903488646892,39,3.745113163712801
-1.168678037619532,0.7154930805943541,0.2254480488525107,0.6612474604311411,-0.8274757864774709,21,3.9457150258511184
1.1428228145150203,0.4391122188928322,0.5383693091198454,0.3206285310583283,-10.982078892066525,51,2.2069543838477856
0.7519330326867741,0.5087185737235373,0.5534453862303824,0.2402632337340925,-12.171381732633686,48,2.6821391648936848
0.7910319470430469,0.5814340849287735,0.5625818339220828,0.3225955829551329,-8.045545300844829,35,3.7105970192162205
-0.9093874547947388,0.7018681994014939,0.3530759759155834,0.6842403509375821,-4.302325988234156,24,4.2952172556414485
1.4027943109360992,0.2985906872893808,0.6046582683237292,0.171513517351,-15.166045645825244,65,2.835683440179152
-1.4018510627922809,0.697794279460415,0.1132554469955554,0.6857477937878552,-9.597886776668949,29,5.5734262778690935
0.5868570938002703,0.4248962975978412,0.5768618956328232,0.2012622411890183,-9.515551081600607,54,2.7942683670288093
2.1904556258099785,0.3813630765444788,0.5687091213383533,0.0512188660301131,-15.223449678525675,66,3.528289750677419
-0.9905363251306885,0.8241586533605709,0.2754668923780918,0.6113464407463883,-2.438154025931923,19,5.371731935819728
-0.5662977296027719,0.7038170271567309,0.2488386456736643,0.4075829469684603,-7.35935574420058,37,5.097767148295847
0.0996513650876412,0.6048838152654874,0.3858478176825646,0.4200809157813737,-7.114885254928523,36,4.13890739793794
-0.5034756541161992,0.6023362343058343,0.3392423949907434,0.4353251753513453,-9.165782200712428,34,4.601008344081467
-1.5506634310661327,0.949519825497413,0.2058360405275351,0.6083116128324249,0.7059393220044341,10,5.428989034985823
0.0685629748060273,0.4959468342925647,0.418899941775132,0.5016799014972405,-13.277032360150633,48,4.736034830785825
-1.0623037137261049,0.769615171958322,0.3661539204240422,0.6376774121246557,-3.2778260164310833,20,4.618629386183659
0.4735924306351816,0.5941105455986332,0.4726868477504099,0.2879916148042839,-8.161911748599941,41,4.339598134187419
-0.9194242342338032,0.8168027392509593,0.2428694098736834,0.5921878787504982,-3.2334927465070757,16,4.786367935705604
1.5499344050175394,0.5507561443295129,0.6480881773090855,0.2635667893294808,-6.531157672696769,36,3.3726962354837466
-0.7832532923362371,0.6588203711312677,0.3692626631518786,0.6262574120972223,-7.634132031706114,28,3.7957725334269843
-0.3220615162056756,0.6573801206365136,0.2437944497261059,0.447084120505633,-9.209437798432297,34,4.765087027061212
0.8135172173696698,0.6168276703869866,0.5267587578980439,0.1545451364381053,-7.6674161485777645,41,3.197196631648828
-1.2308643164339552,0.878245246363966,0.2753139508421759,0.6963976542358395,0.6986524825613993,12,3.921188988550446
0.2274599346041294,0.6185579264189339,0.3842942648117269,0.4064642626325556,-11.151051267193846,45,4.908943692358099
1.307142754282428,0.3271210865284528,0.6486184553233347,0.1427367126297826,-21.53166490817397,79,2.8905460587591136
-1.6074832345612275,0.8470054643296404,0.162746967007546,0.6637817774456832,-0.8322046391041573,21,4.890190519537398
0.1846338585323042,0.71345453136773,0.4110683591453999,0.3760214135625477,-8.6661561320324,29,3.847731959218729
0.2598827942484235,0.6075203137457873,0.3978828767760157,0.4940550370931071,-11.497486716165078,45,4.472339969998161
0.7818228717773104,0.5429462059125743,0.4784534063553983,0.2971749066602946,-10.718794476028258,45,2.459579727363238
-1.236950710878082,0.9864115877561777,0.1377309434596083,0.6226968124395631,0.6744168972026823,10,5.17645831057022
-1.3204566130842763,0.7946307782262617,0.1009715218704682,0.5347227067850236,-0.7126077583180435,14,5.646453898560017
0.5219415656168976,0.5729263469543009,0.5656640818079598,0.2681170853475712,-8.808199010465463,42,3.035138152974335
0.296984673233186,0.5306226158617926,0.3512970825641033,0.1798905739654061,-10.441098777169532,46,4.797010707578419
0.2504928503458765,0.4482491959880364,0.3344060681336619,0.3563287202936958,-22.026596426635184,68,4.186624312510223
0.3464482094969757,0.4913383645060316,0.2581343675035327,0.3648198490725419,-9.628811087628197,49,5.579685581467309
-0.6800247215784908,0.7293003199428182,0.2431886376411753,0.5149699483162511,-7.322473260284516,28,4.176007348565202
0.2322536971610035,0.6769905492067211,0.3068454980007034,0.4377608196821539,-7.18082337688625,36,5.238847806954895
0.2930724732986812,0.3873177734105266,0.540246701894526,0.3709750833432803,-13.05975417083593,60,2.9304073170186156
-0.7143514180263678,0.7085476115104966,0.3643291877033966,0.5610796941979096,-10.287455496450518,31,4.726070720328229
1.8657745111447568,0.3825880502433044,0.5623962169439001,0.1723599899659793,-15.17024658085197,65,3.1666044416832366
0.4738329209117875,0.563225642759496,0.6096389083739133,0.2636105007024943,-10.777785597515503,46,2.3916755883870042
-1.1913034972026486,0.758806364513849,0.3016895336908067,0.6858766633108555,-0.8734321013594013,21,5.241705254475914
0.6565536086338297,0.5491069140478841,0.4366521767047359,0.2539066845672822,-9.429401961206485,52,3.829295747297714
-0.9746816702273214,0.790269930231651,0.0642036545618591,0.4598389137508476,1.1823086821650892,12,5.756042090478906
0.787084603742452,0.5632752627787484,0.6523078654786525,0.3427131296877798,-12.604689190491996,48,2.2251997373354557
1.158595579007404,0.4764565089021254,0.41929784937372,0.4620166591547212,-11.584486585183534,51,3.785864064586632
-0.8206823183517105,0.76829097368455,0.1487413629991941,0.6019277105266662,-3.2526985361133463,16,4.622654494079797
0.9633761292443218,0.5534823230156767,0.5781307632825113,0.1990505628993537,-5.253504986636345,39,3.5142497632551932
0.4127809269364983,0.5610191893164949,0.6161514699699339,0.3853502645794109,-6.7059726112695,38,2.6602744416085193
0.82206015999449,0.5364492244335247,0.5877345033819407,0.4125727426070906,-10.105360800021465,52,2.6606208407165255
1.8967929826539476,0.2644773218670007,0.6616303447264471,0.2251484702528859,-22.197074236230478,76,2.4717303360038203
-0.2453881160028705,0.8562918403502194,0.3922282156290319,0.4013984748567372,1.1593500504239804,10,4.53789739789381
-0.7537361643574896,0.634495024397977,0.3474286284405385,0.4951269842700274,-7.112235532606966,38,3.0956823099852144
-0.8895144296255233,0.6399892320808,0.3230124756047472,0.5800237182890514,-10.554254080540563,30,3.831103840839928
-0.8158102849654383,0.8848760033632206,0.295999858223643,0.5808673164512873,0.6287089614917432,11,5.325157669155394
-0.0771017094141042,0.6579730039842856,0.3762385033093308,0.4829268905616869,-7.232737186938165,28,3.960328413495586
0.3411519748166439,0.6067733252033881,0.4166013846698075,0.471198261191212,-8.792855914088829,40,4.387200514963861
0.276690799330019,0.6943746640677466,0.3558010235242733,0.265104514680201,-9.185492447033335,32,4.867935336762872
0.8271832490360238,0.5758486245161616,0.4616585906283919,0.3545721417599079,-9.131558323553516,42,3.6832661541825042
0.013001891877907,0.7052947551029747,0.2508799012086086,0.3345278910549287,-5.899841042952725,27,3.8962169492404235
1.4535340771573169,0.3020524174943362,0.5549936246005653,0.113674426130327,-22.62071176629751,74,3.1949378807649707
-0.2646568332379561,0.5839872999509307,0.2692691274301735,0.3906596562677621,-7.296364543877557,37,4.916513171191246
2.720169166589619,0.1771556297157404,0.6391611327237795,0.1074374088590074,-21.273298104616117,79,2.112835508150189
0.6256673477650062,0.4867057252268131,0.4711507188229888,0.3204051439486542,-9.712702762535649,52,2.958715539104348
-0.8571575564162826,0.8178116315825347,0.3753029181889619,0.5574637723653779,-2.3369501223236004,19,4.1339706682859045
-1.0708924980611123,0.7987894414971735,0.3121351207806606,0.6608626355912244,-10.81733379596114,30,4.847761994350664
0.4824724152431853,0.522784545598457,0.3197559806896868,0.3465183051483941,-9.194551065841248,53,4.330601510511224
-0.2234627853258509,0.7440321707201558,0.2744159332158717,0.5693937587647184,-2.3593573495431226,19,4.629378490613632
0.714000494092092,0.476091864654485,0.5402697438167947,0.2420796928087177,-10.647408470411964,51,3.1825544570797253
0.4732376245735448,0.5798642518160851,0.3633405118690568,0.4145561946974444,-6.814058246580612,38,4.85154089589228
-0.0728289126568727,0.6598891062422898,0.3517516521368041,0.4321574952154286,-9.844940628176943,31,4.7902712829885195
-0.846793718068405,0.6755293714283256,0.3125334602251067,0.530031512021183,-7.815128928442143,37,3.984821304822392
-1.5148472246858646,0.7812570843330159,0.1122152369168977,0.6664098286467015,-7.554085750450179,25,4.993233909437179
-0.4465149520670211,0.7065397620263031,0.3294653715473917,0.450134136215172,-7.140901600215838,28,4.925090948134931
0.8563987943234723,0.423718121877254,0.3851900838303851,0.3635313896321824,-15.218096369455914,56,4.9171266272444525
0.2140937441302039,0.6773585730052732,0.3594749326517517,0.3365691710071534,-6.525442990448669,38,4.174651300492543
-1.245738778711988,0.7337460517879912,0.2443978543457806,0.7219828687040759,-10.230011413461936,34,4.756820118304809
0.173180925851182,0.554328452043428,0.2788082620608773,0.4051679521833213,-7.059266580867962,36,4.345852068093912
0.3853173797288368,0.5963927228654039,0.4604945566480412,0.2230031807970054,-6.105156694070107,38,3.9246201346623075
-0.883857436201133,0.709742341979909,0.2644703163120928,0.643710224857679,-9.247314125940175,35,5.410708022299955
0.1537251059455279,0.6980935606999039,0.4396414644727024,0.4758724639536025,-9.585245944493124,42,3.4303910790892953
0.0582087184459998,0.5436565888254244,0.4025153637747461,0.3879354535084651,-12.79595507700929,48,3.5136591812112794
-1.142970297830623,0.7819749418489672,0.3369249993402557,0.5789245768088787,-8.38204048753853,26,4.110305050573737
0.3577873603482833,0.6162387016218994,0.4330072410179975,0.3611818807627059,-8.89052197968766,34,4.054594703867595
0.5607845263682344,0.4699133910441624,0.4165436780461415,0.3219589408439616,-12.831537349752095,60,4.628409977009143
1.083051243175277,0.5375509449511363,0.5247889897153862,0.2389033350368563,-7.694537184484551,43,3.6599425375606116
1.053802052034903,0.5952262743083595,0.5531225613645847,0.202657786556679,-8.563368057012658,42,3.7772752046208367
-1.377669367957091,0.9170260011281244,0.2070406427039537,0.5912227147722838,0.743386386957102,10,4.276371900823367
-0.9378250399151228,0.6951921766327286,0.2622084740071698,0.5867637915786537,-4.249775067531909,23,4.615177943572244
0.5150352672086598,0.654207491688959,0.3899924645829216,0.3126315113348117,-8.475464223828999,29,3.5020219004508077
0.5137859509122088,0.4218456026880638,0.3928093346239227,0.2089086772043192,-9.237698699766506,52,4.1463971449637524
0.5150476863060479,0.715606957274856,0.3366675518045428,0.380790902285101,-6.946706977040845,28,4.06566136958153
3.852731490654721,0.0,1.0,0.0,-15.105471625012171,99,2.001579366968887
0.570890510693167,0.5328196601211005,0.3558340726517797,0.268285291484197,-10.60453145157418,45,4.282380413795164
1.135565640180599,0.4842967732040996,0.4694024673544638,0.2957104417738316,-9.336474984271236,49,3.912145356899234
0.9540017634932024,0.5418147640723789,0.4444288213916932,0.4940284287085517,-6.335124696124216,39,3.8541833472136604
0.651391251305798,0.5081300387939426,0.5288377628232155,0.2793624475299616,-9.847532026549581,54,3.6657047918787122
-0.3152692446403456,0.6650127125761615,0.3156444170741945,0.5273376762306231,-6.457262465781097,39,4.445156482977605
0.7589692204932674,0.4404500446511262,0.5693391007782634,0.3441902244221741,-10.123095788028857,54,1.9236134233001945
-0.7728252145375718,0.7117993858993698,0.2287881493392922,0.5158913467777748,-10.345543639957016,30,4.138790864136542
-0.2368186067400088,0.6405988038687839,0.3692815507821593,0.4552707153921279,-8.542080859246948,35,4.550745800868679
-0.4853635478291034,0.7117026367735615,0.2529350315456309,0.445004304238779,-8.873673080223583,29,5.1291549241728225
0.0818741393863225,0.6157850288183777,0.5517503210180211,0.4650967268692966,-10.180239172797119,30,3.55696017750565
2.3146585666735087,0.3027618958294672,0.5813251562468406,0.0823886027347031,-15.38101630014394,66,3.333639423962519
-1.867265192591748,0.9912996079679068,0.1647949176994344,0.714195822528295,0.47391424560752804,10,5.79385297077218
0.6862601903745135,0.6375362224293896,0.5133841437808113,0.283833753409934,-9.59034246134407,30,3.513483591487465
-1.6127158711896517,0.7708471460971011,0.2050003964426631,0.6056577605622019,-4.2869352619613235,23,4.50408781435187
-0.4719318657894334,0.669042599884883,0.3041175371593675,0.5824256290287799,-10.318772761609203,32,5.19714162827633
1.088950596967366,0.4969341247386168,0.5063476420667218,0.1999049625143332,-10.467716000283557,51,3.519557102337304
0.0642800190954627,0.6122567842379613,0.3895772181385797,0.475985100824436,-8.810508633553907,40,3.6714030242574633
-1.077744777929306,0.7328546373076507,0.2301802245794021,0.5168896986474407,-6.388166361601364,27,5.034104103581512
-0.7153037092599682,0.7545555168771136,0.3607118613263576,0.5051118564828688,-9.0544908987096,29,4.004723056909609
0.6795977489346758,0.5947296472833327,0.6325513913672471,0.1916738184384471,-11.710897552474071,44,3.2741019881537183
-0.7303666317171367,0.7001257628318778,0.2430034355159059,0.5571594456786241,-6.566612411473718,39,4.788392909428262
0.2164585895819748,0.6691897471396435,0.3012862573221508,0.4395742561431224,-8.965508051251318,33,3.7270130896899643
0.0455718399038137,0.5847823227655087,0.3771497979684658,0.4347933419501077,-13.033651918158645,47,4.014012207309013
-0.6516003476058171,0.8355031374729285,0.4917803241945077,0.5532390982662786,-1.952986285074068,15,3.753143610690016
2.1439440893253257,0.2692973875699333,0.5888908646965857,0.081229490897972,-20.522644489516285,68,2.6888942738190265
0.6339190223180112,0.5047331791668028,0.5832647421974689,0.4902846366860398,-10.744100050468266,54,2.781030875346295
-2.025142586657607,0.8608314506037468,0.248881921723416,0.8028026686236068,0.2797492204956158,10,4.695789176439844
0.1864543147694276,0.5227881521398318,0.3596053681623054,0.504458135581251,-10.246727059861096,50,4.771665610621634
-0.661786464768388,0.5787846178592432,0.3374437697212466,0.4485105962757745,-13.052155055326226,48,4.530925925495843
0.852433334796224,0.4353294572728897,0.6101687764225531,0.1790637443661185,-9.110551492638187,52,3.4459408785258168
-0.7925207384327007,0.8640898979598058,0.2486947720591126,0.5555028224521712,-1.7027908396924654,17,4.68865189474568
-0.114736441466899,0.7345510971386108,0.3480378157563521,0.4691525171625421,-4.018460099872149,23,4.723118464708953
0.5049872789804571,0.6052655998126755,0.397875142445474,0.3649960607716286,-9.6144145159129,31,4.469963845859373
0.8657551941701215,0.5093382816282418,0.4106778215037974,0.2237100273864008,-10.428229189996554,45,3.4225521803931658
-1.2002964070557762,0.7354727350596206,0.1764035469285323,0.6803912565495029,-3.4074193147990592,16,5.316548933254243
-0.3345012358409484,0.7201826778656645,0.242495540479559,0.4644487495367874,-0.46026359652600457,21,4.296473261869416
-0.4749453111609562,0.6682091913777761,0.3204324711787545,0.42109778313459,-9.112962385408588,34,3.927987486458812
-0.6533292325737119,0.7631610446467919,0.2366033320884972,0.4853912069891761,-7.137841705372146,25,5.169326589429715
1.7654542402810969,0.4433109314067739,0.6198421628472589,0.1841595507006262,-11.934093602222024,48,3.580586406810961
0.4049817109609555,0.6779293888433803,0.311037412282525,0.2997319273739035,-7.659235245803089,26,4.63456243540227
-1.2608839543350452,0.8535919180774467,0.2433213239944259,0.8389260154331452,0.08455863652530526,11,4.464856617533412
0.917861947054776,0.6082335020510653,0.5579682887002638,0.257623671930927,-10.75370905538731,46,3.061056044485089
2.122156197012633,0.4256798439757477,0.495546641368283,0.2072635171008222,-14.52912773293253,56,3.766239177730588
1.0324652605511468,0.4093345643672358,0.5375342068191626,0.4544477778483978,-11.552238104433368,51,3.504726046097276
-1.5193699659540134,0.8885997585122306,0.2787888204950615,0.6018325338939616,-2.4202847454942287,19,4.86697830970892
-0.4842340728662513,0.4820422869985684,0.224589309589181,0.3886260114494567,-11.280546128344728,46,5.010348426330569
1.2669111491866227,0.4223257502429482,0.6661104296416815,0.2793656943075068,-9.655871940806863,61,1.7607727728454066
-0.7076694656187807,0.698071185070061,0.3202088445263865,0.4545077202521273,-7.15314975271529,28,4.999655419674408
0.4438194281462284,0.6309663713122072,0.3807283860131499,0.2427307245827779,-6.178164610428039,38,3.744562821794249
0.7746340534293368,0.469322245511406,0.4721108672961159,0.2230969621466562,-10.566529381473195,51,3.4195171741348847
-0.926930471578083,0.784324446416886,0.3029974104748909,0.4260421542573435,-6.144896366373689,27,4.2268765090601335
-0.0595253560618,0.6201294794251055,0.3763220924214153,0.3845625509215363,-8.977323739325314,34,3.870857731943489
-3.241267340069073,0.8395973203398772,0.0079188068537333,0.8719351972152348,0.1282584526648256,10,5.781399126332573
-1.0243876413342898,0.7600283769136443,0.1780617073482134,0.7136722646888202,-4.361710005485315,24,5.6556723574288155
-0.2525681513931603,0.5660808136956728,0.3589389868794913,0.4943589718041478,-9.822548011957538,53,4.528895069723858
-1.2477831819648495,0.8350611784938808,0.1121951957883774,0.6797032441771996,-2.1939267182690148,15,5.796467601678856
1.6324113039316352,0.4161312132500669,0.5767045495079568,0.034456092140493,-15.887439716841476,64,2.4139836292977845
-1.430141377960633,0.6688189557534419,0.1278652777540909,0.6479096255005061,-12.37651456186554,51,5.131178866349792
-0.4400444866969837,0.7260913249594594,0.2662815326077188,0.4884922675442354,-0.5051270657099677,21,4.216429422260642
0.1307405772860913,0.4663358575447182,0.4887574863347216,0.37493075084394,-10.253764700287245,54,2.9361913877437154
1.4412732890661155,0.3836359966790881,0.6439872392200197,0.2404239722273276,-14.781767760259246,57,3.131417454504542
-1.4358621511794394,0.8482955593581265,0.2423034944126507,0.4903090353418994,0.9645194930791667,10,4.901473623737274
1.1631637521549596,0.4249168123906026,0.4425029714174691,0.3344897058106121,-9.143456033459035,53,3.413114754339945
0.010233061019587,0.54606452098391,0.3553032311433036,0.4214621840854053,-8.609441159529586,40,4.878735557667938
-0.9815086510479508,0.699559274021868,0.34591101691734,0.6351081607122568,-4.203193228584598,24,4.0223881217380395
0.4621034742632707,0.6831663415374002,0.4474957350458455,0.4884745401126307,-7.369962837227284,36,3.9733010270861273
0.19905969557347,0.652164654421342,0.5798736505115357,0.4641474437589995,-4.008616244355551,23,3.7089320609471743
-0.6002168771587947,0.7174733882361065,0.3318836997830435,0.5237506036904159,-9.035533773678546,41,4.801270901528174
0.0698020849900189,0.6186660820841652,0.4015606859148724,0.4662082822351698,-8.8223065298947,41,4.444390342642522
-0.3853135968617602,0.6235245871890801,0.3056805359259497,0.5501224760694572,-7.889910716655193,37,5.617700148117521
0.113517345251248,0.5937691106879867,0.4026529637991662,0.5429921231565519,-6.514663919580919,39,3.546532049350691
0.6621306745210467,0.6396333417782337,0.4504787878329194,0.3566773295658262,-6.841870028503807,25,3.0302342994341864
1.586016816145352,0.3902483779055062,0.6331819287442305,0.3518858650258789,-9.601431824104505,50,2.2126122061706837
-1.237815498826849,0.7331442522115772,0.2938815201341848,0.5426331315494829,-9.564167677169813,34,4.281152184670951
2.133033374656266,0.3066474348532609,0.5888528520821209,0.1434440346610143,-20.86276788359094,68,3.377453174360954
-1.9520877995225017,0.7883216043822447,0.0291274818549218,0.8270957394816044,0.2265155831295509,10,6.271713603636791
-0.1517850950355833,0.5773712068974427,0.219072360941437,0.4860542414127457,-9.354116075190413,34,5.196117614676044
0.5883172064845765,0.5115834698712027,0.4913853874827917,0.4233100353607549,-8.663343966117974,41,3.082543785915505
0.2809918677350326,0.5913745470945966,0.3297522644717315,0.3742458282020074,-8.939022455415767,34,4.46019605963757
-0.6226995198205938,0.8286244799094563,0.1352295700869445,0.4101909202466757,0.9886023377866036,11,5.630679039442234
-0.2081222503572752,0.6155370860575752,0.381262781970202,0.6262438869330813,-9.87457626009868,34,3.4732548372905505
-0.4930009346588328,0.6689118203084582,0.5052998822229933,0.4963570484463525,-6.333184383277525,27,3.6724290975569986
-0.5893647569442115,0.6763209479399848,0.3028612958696816,0.5327009032803012,-7.534907360945422,36,4.72775206007207
0.8496020970210246,0.6112082074945728,0.5496867372716057,0.2674220320902267,-9.216813656236308,49,3.9495967849242786
0.3570154859650473,0.6591098838120357,0.4296063465083881,0.372920211969231,-6.002647341001875,27,3.6664720558197947
-0.6929095952606542,0.6296669320166487,0.282661142472702,0.5968242259763812,-10.608929142117434,30,4.215604721855708
0.8995998754332507,0.5100460140713469,0.5621629861003525,0.3444874829692955,-8.089706493552065,43,3.9298092495937724
0.3072995208766093,0.5304321887078272,0.3949772376062347,0.4650847806639126,-10.329075794313386,52,4.141964154210394
0.8128621188389601,0.5159210100928353,0.5015574506264161,0.2381429151391588,-9.362244187139218,52,3.683970492011319
0.6296288419236122,0.5392059902205402,0.4824465011783113,0.3522404428985259,-9.122837300475945,42,3.202139032250364
-0.8289950109220723,0.6558420929018596,0.2220736665641945,0.3906648450525191,-9.266552298787616,42,4.625961848203266
-0.5601810401969696,0.7329327927603073,0.3825338165715088,0.5203279097671094,-7.337478146067387,28,3.8502942155193227
0.7472936051232618,0.519098577889065,0.459570473132416,0.3980747678068428,-9.769480986853615,49,4.5406750740566935
0.6103702654334648,0.5793582956297059,0.3979949508132317,0.4847892894805394,-7.073977675231478,38,4.568258347599992
-0.0209015939641481,0.6578306496418332,0.4162725994369554,0.594789024104417,-10.362927378579167,32,3.0483891078007237
0.117327383308782,0.6305808624713888,0.3245859887888339,0.5575284818727044,-7.917477057232595,37,4.921184971043111
1.277664895788425,0.4417275019164163,0.5423134528033998,0.2436617815624322,-9.695779023856236,54,3.3692724472148834
-0.5915713888358299,0.7340835273773133,0.3023493680891636,0.476380738193355,-6.279692162518689,27,4.096735670606291
0.5470973811700379,0.455822560061036,0.5301429708296587,0.4990708935312603,-13.265997672425991,48,3.3595651330695353
-0.202192652433894,0.7162258291835295,0.3885698984563209,0.3909415329471503,-6.050904525031746,27,3.762589148549835
-0.2176812032272203,0.6639854195146597,0.3485689998790097,0.5096958710281649,-9.441886658213887,34,3.593314235920291
1.09877685198719,0.5152717508374028,0.5797187854491294,0.2780767533272962,-10.64325824101736,45,3.412723438519315
0.8254163489880298,0.4056378943396089,0.5886119741760031,0.1910519169104981,-8.519959768448485,42,3.0405601155551327
0.8135096360006385,0.502950136920731,0.5237444616894565,0.2532218296941692,-9.184138224760936,50,2.2784665257125027
1.305478807154329,0.3761461822457709,0.5444848310065166,0.2852382159157194,-15.730446739434267,65,3.156855227868892
0.021003841632759,0.7329997612776057,0.2809036059044324,0.5119166809634454,-0.6689476722386356,14,4.927736499894479
0.6819529712949639,0.5143467242364218,0.3835284238155819,0.5291095489112484,-13.393044881981659,48,4.997127052891498
-0.310266756593456,0.5933383489589679,0.3154969427381487,0.5422209941140056,-11.898241441156227,46,4.099304360719311
0.3241663524884421,0.5741832364014399,0.3728184584055902,0.413288723406718,-9.71471738381547,32,4.227269999219498
-0.1301430543676845,0.5568688274714952,0.3473475661551535,0.5405134518064515,-11.891374414242286,46,4.427501798085844
0.0969959649927181,0.6491200735013457,0.3947046386307731,0.4372955007125241,-9.800455164589774,32,3.8932324243422816
0.5951570254369136,0.4379200585145815,0.4939048458975935,0.3522078247654572,-9.848190487268408,52,2.3350451821684945
-0.8182206832334725,0.5502329408829191,0.2689255422599745,0.5691761081572979,-13.562504682505843,48,4.452479026405971
2.09238727568546,0.3825175644039775,0.6805509871080687,0.2109506458984221,-15.361767056933648,65,2.805998043890975
-1.006017381499702,0.7844528570885326,0.2553756322939099,0.5613005857913754,-6.507089073008624,27,4.2737504435324425
-1.2141886127877322,0.6655627378210337,0.0736997040231455,0.5663616588485669,-8.957837773367654,35,5.424471967477636
1.1581108735000678,0.3530019034399443,0.4535056967683761,0.3747692362899162,-17.548393663531147,64,3.7712674062513396
0.7916626939629359,0.5608522338662815,0.4675487924397212,0.2126626454294352,-7.882774791475797,41,3.457632423738564
0.6241198170521551,0.5743784607378899,0.365187263192817,0.3631361436560605,-8.394348675114246,40,3.991977455854429
0.6283455092642799,0.5632362560751076,0.5034609648491802,0.3526226694240678,-9.604548093962096,50,3.2898798786784247
-0.0122467728469146,0.7264350837578022,0.4930461595017202,0.3810298671933353,-3.845142634952927,23,4.674414045768996
-0.8972543714858315,0.8068129306254912,0.3570303522769837,0.5411045183889601,0.7125539919927737,11,4.388217699952132
0.0758045581937263,0.68912240195406,0.371458530490981,0.3483714039824168,-7.785158577663908,26,4.480736586402719
-0.6771617115121117,0.7671550185062896,0.4056508502154594,0.5067317210428199,-3.9441713799747165,24,3.4792574762994595
0.9751197334177512,0.5000305804546161,0.5131042839423922,0.3590940377784798,-13.959348102264894,58,3.5962956079570496
-0.1470573815021386,0.6227097629475741,0.3337760467363881,0.4286378769389549,-8.635903398212513,40,4.151704683878598
-0.8254971967925115,0.6084950003883595,0.2266798928424363,0.6479443071639888,-6.899500763066894,39,4.472438541668641
-0.3213858416529934,0.7393921457466769,0.3142961084187155,0.4736607913279172,-1.8013731016809285,15,4.421443150476758
0.4129314542756243,0.4937466968999502,0.400925617286933,0.3862070176913258,-9.746591073685508,50,3.5860615224435595
-0.5637245528039747,0.7102454292028957,0.3195470639957871,0.5332900471243751,-7.373778405472294,28,4.543679249474042
-0.8222203955664315,0.7306461488523199,0.2860060195535661,0.5615644413582525,-9.224313705727452,29,4.34579849465468
0.2436872114919123,0.5390660048767971,0.4092333897412544,0.5656157520222721,-9.920903905847567,42,3.287101536493397
0.2449665711087227,0.6766081229225084,0.4424209433312784,0.4525930819234345,-9.915084102547986,31,4.651971594439574
-0.5069431753711298,0.6573069081894294,0.4044039280239769,0.50012303675351,-9.67594796804129,42,3.8635504304810895
-0.4710383056183228,0.6692665978728282,0.3906082166737926,0.4895875179096494,-10.042064468198744,31,3.3270580300752477
0.2320499373576363,0.5545226505534706,0.2945037855413607,0.4948858109523434,-10.1789963368081,49,5.015748509626515
-1.448084341497324,0.7846142772124141,0.0,0.5283084570182514,-3.9877062065652855,24,6.834024872864809
-1.4074637743765552,0.61348558011123,0.2706568971203851,0.7032713510072797,-9.700760917532353,41,5.115295498165462
-0.718444221252436,0.7624625384476952,0.1829102131380622,0.4545633317655095,-7.0669544156184045,25,4.4521896465547295
-0.2134471517118472,0.6898074561876939,0.333903229559188,0.4320689913093088,-6.107932908374454,39,3.931590272870913
0.3109075655980046,0.6299170390752824,0.3284669335205359,0.45191560935814,-8.49177725238095,43,4.2606294058273315
1.475356216949552,0.4760573409923163,0.4280910254171046,0.0892180780451429,-14.00867779094158,56,3.670659971812074
0.8576596232020194,0.5611994365311235,0.5281009011835146,0.4242016199499339,-8.61954354367328,40,3.0825993747519393
-0.1599385299634271,0.551209280378865,0.4155812630132074,0.3831771971814421,-11.058947218286136,45,3.8340265010830596
-0.0190162079026888,0.5154826614716229,0.3317953727041012,0.3571976853803869,-9.869448596461934,52,4.558262997737821
-1.0025293646378088,0.7936021425213502,0.053696165212166,0.6318730593180285,-3.176147336160443,22,6.514796331312389
-0.0185131359923899,0.688004769856229,0.3341628528099868,0.3239565268454799,-5.711508003459645,39,4.213734858122729
-0.2886586389201383,0.6226179311775385,0.3712917049717687,0.4995843354038691,-11.726774484473705,46,3.675824615146608
0.3227185603380895,0.6229761947499859,0.3064613504851842,0.371174559713552,-9.19365470851782,42,4.155118332422066
-0.827230943552323,0.6790091619096049,0.2871047267876549,0.5293260017974472,-10.129132805326678,32,4.896832492612112
0.5193465142411723,0.54002086585532,0.4428054625034898,0.3803504556671335,-11.04776700585319,45,4.045050558477137
1.5327389130025777,0.5422945665117458,0.6166184853099597,0.163091596994105,-11.910501335016757,47,3.2616733545602212
-0.1087601484568576,0.5172118713051954,0.3733929973486246,0.3868831920672858,-10.304571003083058,54,4.07792956754546
0.4017117220989414,0.4330078679619654,0.3549838526172708,0.5329274962214443,-10.925362270725275,54,4.291186119326787
0.6901439917111125,0.5807033111372906,0.5567133681710261,0.2354354505707472,-7.681557949104679,43,3.3518395610166745
-0.4012204718858362,0.702804723988897,0.3151244109196469,0.6343937386824164,-9.445529931659367,41,5.366986036279695
0.2240924818104167,0.5713647163714937,0.4044375664202576,0.3215651642114957,-11.146935007679211,55,4.219708334471293
0.0125924007817948,0.5946464563235805,0.3086508967672186,0.342240261192999,-9.78041882504452,30,4.956500403772927
0.0976760985488317,0.5589554299538738,0.356739090500461,0.5184431020632758,-9.015866441622547,41,4.655567811049638
-0.7730097838554665,0.5665765808631162,0.2126809313506534,0.578794151610219,-7.421871928369685,38,4.289413097151291
0.0245101742589427,0.6323022714628204,0.3680338711053388,0.5296003296971379,-7.239814877853976,38,3.919196270839321
0.4979982912454497,0.6194477462690829,0.5715475371507547,0.3900657266620375,-8.997754519736045,34,2.9279871875802583
1.4511436077950417,0.5422614174817371,0.4577545421131668,0.2688532950121737,-7.806630763130647,43,3.1544651300237434
0.9592708260852068,0.55539187866234,0.3769634933316586,0.2433990803026149,-9.11519541942568,49,3.418504155744821
2.1531824575115563,0.3494968327985417,0.7632103115431105,0.0367755217113987,-9.92948771285661,55,2.695199000698478
-0.7673475628880495,0.582373820809953,0.2648126194485501,0.4251066043284802,-8.391439311489131,43,4.117928628395402
0.8723206367206782,0.5501517793522355,0.4378220758488966,0.3687618843628931,-11.187159068999206,51,3.680813477533063
0.1833420057383517,0.5813233226306761,0.4804976398339152,0.4322005026757572,-8.417989612489642,43,3.9845716489679646
2.1898029332176723,0.3435414902467861,0.6097834241172535,0.2852372799043693,-14.872905863223366,56,3.7102924859784245
-0.8082982853551515,0.6340392429937779,0.4145350733858279,0.6170152451372098,-8.13889632418451,37,3.8392660168640074
-0.8397218421807761,0.5355090205754768,0.3231635563208117,0.4713790988024437,-9.568439854380792,42,4.316853457170806
-0.5993926454440222,0.7390749444266507,0.264914393841983,0.3837441795489185,-8.689388049590162,29,4.758833538199738
-2.123895724309807,0.9305488530326396,0.2728592590960903,0.8314713192447655,0.21692733355254323,10,3.7009719850138456
-0.525755021680761,0.6090135825149957,0.2652893205047746,0.5606825669161222,-11.761009197273815,45,3.653596484149073
-0.759132661553698,0.6665637244331698,0.3382710245215234,0.5443743194292829,-9.172601728934877,29,4.9135966127602195
0.1503937864762076,0.4612020622727215,0.419947004674409,0.395236593398503,-12.420715990577666,62,3.082061602346484
0.3417559757771594,0.5335076102761384,0.5205229285616736,0.4615673340456837,-13.144329252380594,47,3.555940308658676
1.8761708392158865,0.4098522730945509,0.7349457534170566,0.1493152767495153,-18.88378240792763,67,2.8527366258398823
0.9504238381860504,0.4552779203780389,0.5010917371356619,0.3507064944854976,-10.150794530381997,54,2.9135821369626758
-0.5769036556624031,0.6105997458254446,0.2475585178503584,0.5186812613031813,-9.253801528872962,33,5.2462730213021045
-0.898414671348358,0.6737300648154952,0.2991286559309261,0.5147603518407099,-9.730694472739366,42,3.9306431638044392
0.4919191715065057,0.5202071522937111,0.3889078016951833,0.3721523032822824,-9.933159173738334,52,3.7431181294968314
-1.3202332070206422,0.7087273887263419,0.3638547827030774,0.6550750220406795,-9.750867895237711,33,4.58364371602879
1.8314587658543535,0.2984595462844917,0.6208131459894911,0.2005465146281212,-24.11746406436192,73,2.7594138416217127
1.179440120721287,0.3654019585935072,0.4999019313067032,0.2870577077665235,-25.05436401935633,72,3.1497741128258765
-0.4691756521047048,0.6320841384420145,0.3326269153656251,0.5341886891866998,-9.532817315898347,34,3.860051280139059
-1.7131345290908775,0.8534108016227805,0.0582305841568982,0.6932567452522378,0.7050742283789304,12,5.075340934574714
1.3538723741654128,0.4377751300218598,0.4758824855220605,0.1206265547756477,-10.287942509442534,55,4.017551446128562
-0.1145398452526178,0.5440727466235467,0.4549263467350092,0.4073530619791938,-8.324993209483768,43,3.6096212912058636
1.2378163119734618,0.5264160354607457,0.4851145776609337,0.2966837579279845,-8.91504411595886,42,3.5783511223883098
-1.594427658794367,0.7972086442366798,0.0961399198687482,0.5962744361100334,-2.0349775314315046,15,5.981085770886705
-0.5993750229537729,0.7285368446461591,0.3429002852648133,0.548759334229966,-3.1478568229987474,16,4.311507876372237
0.0052436997181831,0.6190046157227481,0.469002066086196,0.3393061472233879,-12.284560633304123,44,4.130941587860907
0.046980593764742,0.5179385283751197,0.4387704036004023,0.4016683315193602,-11.48936805225754,55,4.047672193326227
-0.4500654714792436,0.6647006594794743,0.3968075689554873,0.5093620034990927,-10.057833401509201,32,4.191315047104597
0.6228499323474987,0.5387936704280456,0.399498165059608,0.3170632361966929,-10.797455983643228,45,4.4322499888446725
-1.0676204293825944,0.8623648000797741,0.1344338042837428,0.7168959862155867,0.46799735122235475,10,4.714618446619312
-0.1423794850212935,0.5828863900379446,0.474298903102946,0.5539869251448057,-13.498262681898415,48,3.3912292557764236
0.1202956317118988,0.5570678835979215,0.3687880579048059,0.524094977737054,-8.761922645318878,43,3.70365401753808
0.514438834058749,0.3904710328242732,0.4242562851075974,0.3575456960882816,-16.089299489985038,65,3.398605406731764
0.7116148780888898,0.5545957800617087,0.5694554155110889,0.1962822897522484,-5.243354330793266,39,2.953475607855841
-1.1246420918378692,0.7486812890257437,0.2777567763613165,0.4027635664706619,-2.7438945554926932,22,4.88879064567543
-1.5341141707356225,0.7986463514809262,0.2181750800517163,0.5930917296322226,-0.34587363684568095,18,5.0625797526880145
1.277676821898509,0.3378981104171671,0.7049569305466148,0.2238758762774645,-10.729323052818907,55,2.6778475212845128
0.3323140119795916,0.5867469010110506,0.3712637089091155,0.5467730810755881,-11.705994967729644,45,4.179995506960462
-0.7484865365565536,0.6960673620532672,0.3537593287174409,0.5866346608703739,-9.299730890954674,29,5.4276076937906925
1.551151975522523,0.3772564379801438,0.579201618731658,0.2959190583890875,-11.958850412008292,62,3.001369802480317
0.1156746342928586,0.5928112387298554,0.4132059277907855,0.4762096585701656,-8.582702479600773,43,3.807334602217968
1.1792971840638264,0.5055044264227453,0.6440276910714613,0.2938305429433158,-9.35589033341406,50,2.8231979297874648
0.0675184814101089,0.598386697798253,0.4253067735958561,0.4701396227445074,-6.247529637776498,39,3.843001228329944
2.060747924881987,0.2765126166776694,0.6804796061911245,0.3277613400158167,-24.05639688133596,74,3.3337325325835705
1.7553408424432044,0.4763941954681491,0.6823976369403029,0.1382666131857181,-8.936745060686832,52,1.702447945807476
-0.2489641484790735,0.6434773107600396,0.3187274474976302,0.563849620840981,-10.501617589406996,30,4.076487267102696
0.9715709509543554,0.5514611825740744,0.4374628377837647,0.2874793382001662,-7.876342370046966,43,3.6671395930476276
0.6453759495851475,0.447925219648277,0.3804338399412273,0.1763399101214313,-10.526111542402331,55,4.504097102083629
1.3686315575323489,0.5638178780081753,0.4020409713466591,0.3317797730184172,-11.02959061766195,51,4.378784246954011
-0.9649234605801044,0.7878947981271537,0.4121873725132135,0.78420114055302,-1.3891592390246008,13,2.484805601696772
0.6860514599984393,0.5053842073218241,0.3811488048632387,0.3706129227207805,-12.768345284609484,47,3.4945317949673886
1.0584244868495878,0.3668059998205248,0.4955158787905815,0.2027715829426949,-15.050994509542488,63,3.629694632044184
-1.7587394864231145,0.851468065062759,0.1339110741567165,0.511751582798186,-2.251092235814144,19,6.019531286608655
-1.183258512665775,0.815486538962572,0.2513819620427563,0.7036646641452807,-0.5539633649912761,18,4.745317500283501
-2.039232177760101,0.7381331842456169,0.1814870834249514,0.6734706586188655,-8.349032421403201,37,5.085428777908075
-0.2694068344445577,0.7672028886112977,0.4094062236565696,0.5151990238601992,-8.217060629376029,26,3.3558660880583666
0.7175422557959623,0.6987062022279975,0.4247328561069097,0.3511060050056456,-3.6301693655631704,24,3.684432009311563
1.502357052096028,0.3963476002365731,0.5559518644352321,0.0119971902070438,-11.388370226004623,60,3.0953294903138113
0.0740947804197751,0.6508770255989077,0.4089959048798883,0.5565132324204145,-7.339414451541765,38,3.598741875783172
1.6286155455712918,0.4921697328864002,0.5657600192056852,0.1972620554834555,-11.989510086408504,48,2.9642435105072926
-1.3801014582148914,0.743821259486573,0.3253546503184737,0.5866530217930779,-8.402048752642745,26,4.955677116660814
-1.7033824393551549,0.8206861290604645,0.1993729022815379,0.5781165795795705,-4.2327679432247765,23,4.690580190651615
-0.0555476988966187,0.6721812511378504,0.4269760847942574,0.438550843179688,-8.479506879233334,35,4.968502189808871
0.3840654489393073,0.6709200734950309,0.4772639871226699,0.3612271363527498,-8.890689993043248,34,3.711192052744985
-0.0326947480940931,0.5592137271745221,0.4632584257384573,0.4769031124321848,-8.861936998530197,41,3.6379795292770507
-2.0674421000398766,0.8360356735308887,0.1295977331701214,0.6965554930874094,-8.686576595664354,26,5.212844912188822
-0.0891200395127884,0.6408526316242289,0.2680756969182263,0.4804435424285182,-8.127081741290336,26,4.336571463050297
-1.3044695005048532,0.6469635928644726,0.2430294377346327,0.5633835063186575,-7.939270396618771,37,4.404422413242008
0.6696725488300385,0.6183494802696743,0.4134632451737084,0.3799085758208772,-8.222276856269131,43,4.1231053709491565
0.3665982460968482,0.691936068174272,0.3843585055763666,0.3577478107283289,-3.799352057774062,23,4.132793527139486
-0.9398797863273552,0.7948850001720367,0.30348871974404,0.5690966550926543,-1.7291063005503686,17,4.827182021609019
-0.5138669173366935,0.690978685620083,0.4071514316104607,0.41359962222481,-7.95402870425958,26,4.166707371637532
-1.0592135218889516,0.738474333033656,0.2453390090828539,0.5871326672364297,-6.576261777367865,27,5.060174410228422
-0.0626790972731718,0.6483595670686049,0.3936434563000297,0.5978988059703354,-10.041649025707793,42,4.089107194052295
0.9551423205012384,0.472954013723333,0.6288166987752194,0.2031346990188536,-8.585486802202876,53,3.978095123949262
-0.9857260463355436,0.8436106791512653,0.2713670010988931,0.6494995243552292,-2.509814192585255,19,4.27174236307414
0.5040465155178444,0.4469163795037572,0.6400543058912955,0.4263949504619777,-11.432437135415249,46,2.0666007315595696
-0.5302576183724408,0.6958726131405262,0.3538646994794959,0.5615630310071417,-7.452956446933172,28,3.789297626776205
-0.7928728322623442,0.6375163389624986,0.143488366671499,0.4303622170539827,-8.931936172507822,33,4.305301913882439
-0.1070303599545578,0.6092863896636215,0.42185052371876,0.6346035061565598,-13.432013864454808,44,4.347780413990674
-1.035242322419374,0.7190645719745082,0.2757723320069928,0.3139240634855267,-6.743560847654835,25,5.1568838216455415
-0.553649305347182,0.6489172971041655,0.4060223341992939,0.4249127372762841,-7.42386000121196,37,3.8605590497646816
-1.1978778925888485,0.7405226822122912,0.277367961335293,0.5826656996141532,-8.39172592581601,26,4.603520813002359
1.9647251329163893,0.3217836872809712,0.6167881852036833,0.1778651377528353,-12.160643476783733,60,3.996300406502889
0.0352635519717286,0.515550493839729,0.2893754100164222,0.4103733803251311,-9.34026618773968,42,4.823311757093262
-0.6997255079925856,0.6961617407966253,0.2734137918077648,0.4899797441303714,-9.008969904383418,29,4.778923999640234
0.213979910734222,0.5402402397643524,0.3404964801477948,0.3557224792612722,-8.870253713052287,34,4.587843924640577
-0.1123280496908298,0.6430926281919634,0.319652697489438,0.407503410188491,-8.36331212446603,35,4.44698648978569
-0.2209695995332229,0.5397654555045541,0.3948557912506882,0.4616669437198011,-10.622454677193357,54,3.716916810741848
0.6141667000434252,0.5952765743178845,0.583102403392373,0.372843443098072,-9.662751274702924,49,3.7508944491841536
0.7575077100473051,0.3871921860474038,0.5042231043642188,0.3495298330797439,-12.208161588203966,62,3.667605474422043
-0.5305011476105275,0.6926867035120088,0.2197671970994245,0.5276721414481428,-4.133555060506557,23,5.252005014254687
-0.57581824064468,0.8050047039504077,0.3388823210920301,0.4213368542860701,-3.771872348267001,24,4.714527636826286
-0.275051697151644,0.6471808707703441,0.4342764584912846,0.426330115028485,-10.054078289508958,30,4.530087328575516
-2.301921164735585,0.9679580083797454,0.0396612335159865,1.0,-0.152371168458453,10,6.505581956237611
-1.5151910621985525,0.7509352191346698,0.1756755892595801,0.5890177931225892,-9.306899919785849,29,5.719563897850756
1.366874267444525,0.4973504510704099,0.5526032502463364,0.2377070934526326,-13.40103974512648,58,3.7793033582222204
1.6449677135012837,0.4460287040168099,0.5270215371476286,0.2181101567460231,-9.371853356599294,61,3.089650487827402
-0.2490360395563783,0.7984262981996516,0.395839536231399,0.5059395246198479,-4.090811883172954,23,3.727011785968798
0.5765569630557664,0.5829118599287897,0.442022436022602,0.2660760555744015,-12.000006428066186,44,3.7890324868383463
0.3112501545435361,0.7678237001493124,0.4495046364898487,0.3169574324460382,0.1737897969430119,18,4.855150251974136
3.0788808084552377,0.3501055010868497,0.701114097183595,0.087740863321942,-14.505154284560037,63,1.8270266938584476
1.1195749114345768,0.4206758999723087,0.4868170173549647,0.2532288207992522,-12.511533189703556,60,3.2676084384782014
-0.1279175914807665,0.5780103311470005,0.4168443309969091,0.5388980244958805,-10.011740807864296,53,4.142439287825515
-0.9555404406004258,0.7112857669952224,0.228493747724988,0.6855257630714195,-7.800112105482948,28,4.673328185741325
-1.6064463202575725,0.9010641719331904,0.3057459261901562,0.7099514849139309,0.670940996516125,12,5.302376801694637
0.2034636358672231,0.5995531331903631,0.3734810170653974,0.3387626301122047,-8.068280112865663,43,3.9819310608775518
-0.7563507452843033,0.7187226308092302,0.2992417455432825,0.4610799334162937,-7.081939043202281,25,3.9282096529203843
-1.4222537095976742,0.8922083913605958,0.2686490886223534,0.588519676089553,0.749309581347142,10,4.152269938247478
-0.6465728842425266,0.5892584318345871,0.1881086858593641,0.4655143137327415,-8.771894875569343,40,4.460085044241245
-1.081548003614395,0.692754975152554,0.1068645011093366,0.5421125053144631,-9.339193142515093,33,5.8113342581986345
1.6871416350725648,0.4233904383894925,0.4759895392348934,0.2651160226807714,-14.784193353544214,56,3.4933846994902553
0.8816397569494505,0.5072492624891922,0.5860303580440092,0.2833496068485361,-10.85716809513346,46,3.18554485495267
-0.0079726413166173,0.606930423499829,0.3350727036066824,0.3726466311442042,-6.937976621095663,36,3.996981630175576
1.479944138890026,0.5893302999128816,0.7605436653985407,0.1750263264275784,-7.493268609297595,35,3.0612198743175414
0.0773683076476183,0.630933542615167,0.3449557584999096,0.328201031224122,-6.772214442496636,36,3.770227769110001
-0.8612842013282637,0.7840897183226171,0.2828755260934616,0.4960163697060007,-0.519166497267645,21,5.039574976218709
1.5231240772696573,0.5041363339771601,0.6886827239611558,0.203278814704327,-8.565690827288511,42,2.3973172364654896
0.5389100436846587,0.5746029031861344,0.5991442332231176,0.2757429156447762,-8.893911671594216,53,2.536104507684445
-1.0372461543264564,0.6165946446345861,0.4034158927247239,0.5820519332960903,-9.710511701150711,34,4.028401420798186
-0.1903386780836082,0.5970850618000019,0.4459160449348179,0.5397522864035524,-9.094829169042104,41,3.380399621408495
-0.8756182533847572,0.7774313496039406,0.344955696803051,0.5717196044940995,-7.481399769363705,28,3.612403030196065
-1.382799730964336,0.7545670775751618,0.2477704719967569,0.6896651085368389,-6.850821389003898,27,5.415742059136861
